{
  "tool": "edgemixer_eval",
  "version": 1,
  "timestamp": "2026-03-13T21:21:02.913827+00:00",
  "results": [
    {
      "profile": {
        "name": "mirror",
        "description": "Control baseline -- no processing",
        "mode": 0,
        "spread": 30,
        "strength": 255,
        "spatial": 0,
        "temporal": 0
      },
      "run_metrics": {
        "strip_divergence_l2_mean": 77.68275816289136,
        "strip_divergence_l2_std": 32.072313616447836,
        "strip_divergence_l2_p5": 31.205856453302125,
        "strip_divergence_l2_p95": 132.64329790946425,
        "strip_divergence_max_mean": 108.65602877661496,
        "strip_divergence_max_std": 38.144122445824934,
        "strip_divergence_max_p5": 51.372154470477824,
        "strip_divergence_max_p95": 177.16263144693093,
        "hue_shift_mean_mean": 83.47925042822013,
        "hue_shift_mean_std": 33.69769589812516,
        "hue_shift_mean_p5": 26.51057389445384,
        "hue_shift_mean_p95": 134.82262777802706,
        "hue_shift_std_mean": 17.417408616847176,
        "hue_shift_std_std": 10.813170000614168,
        "hue_shift_std_p5": 2.81450299670648,
        "hue_shift_std_p95": 38.996332483688455,
        "saturation_delta_mean_mean": 1.9897348032636987e-05,
        "saturation_delta_mean_std": 0.04571131408373493,
        "saturation_delta_mean_p5": -0.08650965189100522,
        "saturation_delta_mean_p95": 0.08155704844909537,
        "brightness_ratio_mean": 1.1032984477155998,
        "brightness_ratio_std": 0.39810112208349535,
        "brightness_ratio_p5": 0.4705461200191967,
        "brightness_ratio_p95": 1.6940124048960026,
        "near_black_leaks_mean": 0.0,
        "near_black_leaks_std": 0.0,
        "near_black_leaks_p5": 0.0,
        "near_black_leaks_p95": 0.0,
        "active_pixel_count_mean": 160.0,
        "active_pixel_count_std": 0.0,
        "active_pixel_count_p5": 160.0,
        "active_pixel_count_p95": 160.0,
        "spatial_gradient_effectiveness_mean": 0.6177698467707654,
        "spatial_gradient_effectiveness_std": 0.27801494033235397,
        "spatial_gradient_effectiveness_p5": 0.25860775621290094,
        "spatial_gradient_effectiveness_p95": 1.1529282527124882,
        "rms_mean": 0.38573606978459346,
        "rms_std": 0.19651880843574032,
        "rms_p5": 0.027299153124284735,
        "rms_p95": 0.6712306401159684,
        "temporal_responsiveness": -0.2581171923598212,
        "near_black_total_leaks": 0,
        "n_frames": 150,
        "n_beats": 6
      },
      "safety": {
        "profile": "mirror",
        "gates": {
          "near_black_leaks": {
            "value": 0.0,
            "threshold": 10,
            "pass": true
          },
          "brightness_preservation": {
            "value": 1.1032984477155998,
            "threshold": "0.55 - 1.3",
            "pass": true
          },
          "mirror_identity": {
            "value": 77.68275816289136,
            "threshold": 5.0,
            "pass": false
          }
        },
        "overall_pass": false
      },
      "metadata": {
        "timestamp": "2026-03-13T21:20:31.100733+00:00",
        "port": "/dev/cu.usbmodem21401",
        "profile": "mirror",
        "n_frames": 150,
        "fps": 30,
        "stimulus": null
      }
    },
    {
      "profile": {
        "name": "split_comp",
        "description": "Split complementary (+150deg, -10% sat)",
        "mode": 3,
        "spread": 30,
        "strength": 255,
        "spatial": 0,
        "temporal": 0
      },
      "run_metrics": {
        "strip_divergence_l2_mean": 73.25637219742865,
        "strip_divergence_l2_std": 23.43024045160399,
        "strip_divergence_l2_p5": 36.099286199191056,
        "strip_divergence_l2_p95": 108.49482638707588,
        "strip_divergence_max_mean": 100.42767039884183,
        "strip_divergence_max_std": 32.44641251245286,
        "strip_divergence_max_p5": 53.384349800003406,
        "strip_divergence_max_p95": 154.5949958030817,
        "hue_shift_mean_mean": 80.75425916702488,
        "hue_shift_mean_std": 38.15544864930283,
        "hue_shift_mean_p5": 29.956961171406284,
        "hue_shift_mean_p95": 141.77617786956648,
        "hue_shift_std_mean": 14.845010554503041,
        "hue_shift_std_std": 6.632261645207592,
        "hue_shift_std_p5": 4.065139952501119,
        "hue_shift_std_p95": 26.351676069983398,
        "saturation_delta_mean_mean": -0.00359267602194132,
        "saturation_delta_mean_std": 0.04305623877294299,
        "saturation_delta_mean_p5": -0.0661518533576398,
        "saturation_delta_mean_p95": 0.08244327171394163,
        "brightness_ratio_mean": 1.0190134678237301,
        "brightness_ratio_std": 0.29701732616405385,
        "brightness_ratio_p5": 0.5598923729584795,
        "brightness_ratio_p95": 1.4227731652759077,
        "near_black_leaks_mean": 0.0,
        "near_black_leaks_std": 0.0,
        "near_black_leaks_p5": 0.0,
        "near_black_leaks_p95": 0.0,
        "active_pixel_count_mean": 160.0,
        "active_pixel_count_std": 0.0,
        "active_pixel_count_p5": 160.0,
        "active_pixel_count_p95": 160.0,
        "spatial_gradient_effectiveness_mean": 1.1027982310655677,
        "spatial_gradient_effectiveness_std": 0.530707577326272,
        "spatial_gradient_effectiveness_p5": 0.5645357475605504,
        "spatial_gradient_effectiveness_p95": 2.19673480937222,
        "rms_mean": 0.3517748785636174,
        "rms_std": 0.20877145212714082,
        "rms_p5": 0.0,
        "rms_p95": 0.6473479819943542,
        "temporal_responsiveness": 0.08465901462674522,
        "near_black_total_leaks": 0,
        "n_frames": 150,
        "n_beats": 5
      },
      "safety": {
        "profile": "split_comp",
        "gates": {
          "near_black_leaks": {
            "value": 0.0,
            "threshold": 10,
            "pass": true
          },
          "brightness_preservation": {
            "value": 1.0190134678237301,
            "threshold": "0.55 - 1.3",
            "pass": true
          }
        },
        "overall_pass": true
      },
      "metadata": {
        "timestamp": "2026-03-13T21:20:39.477966+00:00",
        "port": "/dev/cu.usbmodem21401",
        "profile": "split_comp",
        "n_frames": 150,
        "fps": 30,
        "stimulus": null
      }
    },
    {
      "profile": {
        "name": "sat_veil",
        "description": "Saturation veil (desaturate by spread)",
        "mode": 4,
        "spread": 30,
        "strength": 255,
        "spatial": 0,
        "temporal": 0
      },
      "run_metrics": {
        "strip_divergence_l2_mean": 76.91578161035733,
        "strip_divergence_l2_std": 31.854502125212736,
        "strip_divergence_l2_p5": 31.605274699971442,
        "strip_divergence_l2_p95": 135.30580575544485,
        "strip_divergence_max_mean": 103.63093929313287,
        "strip_divergence_max_std": 38.04420789760696,
        "strip_divergence_max_p5": 48.53857587497893,
        "strip_divergence_max_p95": 174.1936311058294,
        "hue_shift_mean_mean": 76.97692794001865,
        "hue_shift_mean_std": 32.49337300452786,
        "hue_shift_mean_p5": 23.720723742676345,
        "hue_shift_mean_p95": 131.04086186789942,
        "hue_shift_std_mean": 20.25505554456521,
        "hue_shift_std_std": 11.468761561613599,
        "hue_shift_std_p5": 4.561343217964059,
        "hue_shift_std_p95": 42.66284876234664,
        "saturation_delta_mean_mean": -0.24956296149988114,
        "saturation_delta_mean_std": 0.056056871126085116,
        "saturation_delta_mean_p5": -0.336771108997451,
        "saturation_delta_mean_p95": -0.16266130799619494,
        "brightness_ratio_mean": 1.1713412805716594,
        "brightness_ratio_std": 0.40317925598498733,
        "brightness_ratio_p5": 0.5714924234351073,
        "brightness_ratio_p95": 1.7876321285296604,
        "near_black_leaks_mean": 0.0,
        "near_black_leaks_std": 0.0,
        "near_black_leaks_p5": 0.0,