{
  "test_id": "T2.1",
  "name": "MIRROR Control Repeat",
  "device": "/dev/cu.usbmodem21401",
  "effect": "0x1302",
  "edgemixer": {
    "mode": 0,
    "spread": 30,
    "strength": 200,
    "spatial": 0,
    "temporal": 0
  },
  "frames_captured": 900,
  "metrics": {
    "L0": {
      "black_frame_ratio": 0.0,
      "clipped_frame_ratio": 0.0,
      "mean_brightness": 0.9831829384531589
    },
    "L1": {
      "stability_lss": 0.9985456062291435,
      "flicker_elatcsf": 0.006102184435652987,
      "vmcr": 0.9701401243946436
    },
    "L2": {
      "energy_correlation": -0.008446266201070975,
      "beat_alignment": 0.9090909090909091,
      "onset_response": 1.0005260692390399
    },
    "composite": 0.7002484299505576,
    "strip_divergence_l2": 0.2922755061277038,
    "near_black_leaks": 0
  },
  "gates": {},
  "degradation": {},
  "extra_checks": {},
  "pass": true
}