{
  "tool": "edgemixer_eval",
  "version": 1,
  "timestamp": "2026-03-13T21:21:00.072535+00:00",
  "results": [
    {
      "profile": {
        "name": "mirror",
        "description": "Control baseline -- no processing",
        "mode": 0,
        "spread": 30,
        "strength": 255,
        "spatial": 0,
        "temporal": 0
      },
      "run_metrics": {
        "strip_divergence_l2_mean": 75.81109655197497,
        "strip_divergence_l2_std": 29.95587618182072,
        "strip_divergence_l2_p5": 28.814650334040287,
        "strip_divergence_l2_p95": 127.71497929985487,
        "strip_divergence_max_mean": 106.85950663439003,
        "strip_divergence_max_std": 35.89502066473038,
        "strip_divergence_max_p5": 52.027157541409,
        "strip_divergence_max_p95": 162.44691440590677,
        "hue_shift_mean_mean": 80.00202724385677,
        "hue_shift_mean_std": 32.29500024994817,
        "hue_shift_mean_p5": 25.993962499862583,
        "hue_shift_mean_p95": 132.3880367038427,
        "hue_shift_std_mean": 17.540750575748927,
        "hue_shift_std_std": 10.633636311233932,
        "hue_shift_std_p5": 4.119170078002077,
        "hue_shift_std_p95": 40.44870295913913,
        "saturation_delta_mean_mean": -0.0016123461928549555,
        "saturation_delta_mean_std": 0.04696478387057818,
        "saturation_delta_mean_p5": -0.0815292739207015,
        "saturation_delta_mean_p95": 0.08619129191924399,
        "brightness_ratio_mean": 1.0352971667117432,
        "brightness_ratio_std": 0.41066705943252313,
        "brightness_ratio_p5": 0.45923657137565477,
        "brightness_ratio_p95": 1.668301207477833,
        "near_black_leaks_mean": 0.0,
        "near_black_leaks_std": 0.0,
        "near_black_leaks_p5": 0.0,
        "near_black_leaks_p95": 0.0,
        "active_pixel_count_mean": 160.0,
        "active_pixel_count_std": 0.0,
        "active_pixel_count_p5": 160.0,
        "active_pixel_count_p95": 160.0,
        "spatial_gradient_effectiveness_mean": 0.6714637397382669,
        "spatial_gradient_effectiveness_std": 0.3085107454364502,
        "spatial_gradient_effectiveness_p5": 0.2876234204994795,
        "spatial_gradient_effectiveness_p95": 1.2302592036232167,
        "rms_mean": 0.4501267007451489,
        "rms_std": 0.22050589940765525,
        "rms_p5": 0.18014724956130312,
        "rms_p95": 0.8842496375982297,
        "temporal_responsiveness": -0.27752005058669366,
        "near_black_total_leaks": 0,
        "n_frames": 150,
        "n_beats": 3
      },
      "safety": {
        "profile": "mirror",
        "gates": {
          "near_black_leaks": {
            "value": 0.0,
            "threshold": 10,
            "pass": true
          },
          "brightness_preservation": {
            "value": 1.0352971667117432,
            "threshold": "0.55 - 1.3",
            "pass": true
          },
          "mirror_identity": {
            "value": 75.81109655197497,
            "threshold": 5.0,
            "pass": false
          }
        },
        "overall_pass": false
      },
      "metadata": {
        "timestamp": "2026-03-13T21:20:31.073396+00:00",
        "port": "/dev/cu.usbmodem212401",
        "profile": "mirror",
        "n_frames": 150,
        "fps": 30,
        "stimulus": null
      }
    },
    {
      "profile": {
        "name": "split_comp",
        "description": "Split complementary (+150deg, -10% sat)",
        "mode": 3,
        "spread": 30,
        "strength": 255,
        "spatial": 0,
        "temporal": 0
      },
      "run_metrics": {
        "strip_divergence_l2_mean": 78.55810985180045,
        "strip_divergence_l2_std": 25.548187066091995,
        "strip_divergence_l2_p5": 38.02715867940226,
        "strip_divergence_l2_p95": 117.53998169180879,
        "strip_divergence_max_mean": 101.81716457198868,
        "strip_divergence_max_std": 31.006209031749982,
        "strip_divergence_max_p5": 55.01941438282328,
        "strip_divergence_max_p95": 150.5782165566177,
        "hue_shift_mean_mean": 87.07761861844057,
        "hue_shift_mean_std": 38.795194295972784,
        "hue_shift_mean_p5": 31.907330481216515,
        "hue_shift_mean_p95": 142.50058977415145,
        "hue_shift_std_mean": 15.809957294200391,
        "hue_shift_std_std": 7.333854469872497,
        "hue_shift_std_p5": 4.5811743920698955,
        "hue_shift_std_p95": 29.79953082978246,
        "saturation_delta_mean_mean": -0.004979136398117162,
        "saturation_delta_mean_std": 0.04095764862598758,
        "saturation_delta_mean_p5": -0.06921757681869624,
        "saturation_delta_mean_p95": 0.07826700067839308,
        "brightness_ratio_mean": 1.0275373509621444,
        "brightness_ratio_std": 0.2769587924436478,
        "brightness_ratio_p5": 0.5736092873912397,
        "brightness_ratio_p95": 1.4415011527865922,
        "near_black_leaks_mean": 0.0,
        "near_black_leaks_std": 0.0,
        "near_black_leaks_p5": 0.0,
        "near_black_leaks_p95": 0.0,
        "active_pixel_count_mean": 160.0,
        "active_pixel_count_std": 0.0,
        "active_pixel_count_p5": 160.0,
        "active_pixel_count_p95": 160.0,
        "spatial_gradient_effectiveness_mean": 1.1931726625189105,
        "spatial_gradient_effectiveness_std": 0.4860439359193983,
        "spatial_gradient_effectiveness_p5": 0.6034004579257539,
        "spatial_gradient_effectiveness_p95": 2.191888243649502,
        "rms_mean": 0.35059210091299814,
        "rms_std": 0.20372775890436015,
        "rms_p5": 0.043669031815060655,
        "rms_p95": 0.6751476310368505,
        "temporal_responsiveness": 0.25783102526634316,
        "near_black_total_leaks": 0,
        "n_frames": 150,
        "n_beats": 1
      },
      "safety": {
        "profile": "split_comp",
        "gates": {
          "near_black_leaks": {
            "value": 0.0,
            "threshold": 10,
            "pass": true
          },
          "brightness_preservation": {
            "value": 1.0275373509621444,
            "threshold": "0.55 - 1.3",
            "pass": true
          }
        },
        "overall_pass": true
      },
      "metadata": {
        "timestamp": "2026-03-13T21:20:36.854419+00:00",
        "port": "/dev/cu.usbmodem212401",
        "profile": "split_comp",
        "n_frames": 150,
        "fps": 30,
        "stimulus": null
      }
    },
    {
      "profile": {
        "name": "sat_veil",
        "description": "Saturation veil (desaturate by spread)",
        "mode": 4,
        "spread": 30,
        "strength": 255,
        "spatial": 0,
        "temporal": 0
      },
      "run_metrics": {
        "strip_divergence_l2_mean": 76.47526650116598,
        "strip_divergence_l2_std": 29.395135009614133,
        "strip_divergence_l2_p5": 31.411084242091203,
        "strip_divergence_l2_p95": 133.66774111636556,
        "strip_divergence_max_mean": 103.70691867174236,
        "strip_divergence_max_std": 36.10071586934647,
        "strip_divergence_max_p5": 48.34067837233654,
        "strip_divergence_max_p95": 169.52846370101324,
        "hue_shift_mean_mean": 79.59698012707665,
        "hue_shift_mean_std": 31.32173000977406,
        "hue_shift_mean_p5": 25.954921335949436,
        "hue_shift_mean_p95": 130.15728426203492,
        "hue_shift_std_mean": 20.587034867276575,
        "hue_shift_std_std": 10.97017786637538,
        "hue_shift_std_p5": 4.805697341121585,
        "hue_shift_std_p95": 41.459363480333714,
        "saturation_delta_mean_mean": -0.2515272452390601,
        "saturation_delta_mean_std": 0.05806055337286873,
        "saturation_delta_mean_p5": -0.336429897862407,
        "saturation_delta_mean_p95": -0.15588816554822732,
        "brightness_ratio_mean": 1.1172471021599215,
        "brightness_ratio_std": 0.4217899410403174,
        "brightness_ratio_p5": 0.5500919518806943,
        "brightness_ratio_p95": 1.792250494725082,
        "near_black_leaks_mean": 0.0,
        "near_black_leaks_std": 0.0,
        "near_black_leaks_p5": 0.0,