{
  "test_id": "T2.2",
  "name": "ANALOGOUS (mode=1)",
  "device": "/dev/cu.usbmodem212401",
  "effect": "0x1302",
  "edgemixer": {
    "mode": 1,
    "spread": 30,
    "strength": 200,
    "spatial": 0,
    "temporal": 0
  },
  "frames_captured": 900,
  "metrics": {
    "L0": {
      "black_frame_ratio": 0.0,
      "clipped_frame_ratio": 0.0,
      "mean_brightness": 0.9528994689542484
    },
    "L1": {
      "stability_lss": 0.9999148018495496,
      "flicker_elatcsf": 0.0008378486982922882,
      "vmcr": 0.9961966564008332
    },
    "L2": {
      "energy_correlation": 0.06685949839992775,
      "beat_alignment": 1.0,
      "onset_response": 0.9992051631445623
    },
    "composite": 0.7368954443142515,
    "strip_divergence_l2": 64.65327020570443,
    "near_black_leaks": 0
  },
  "gates": {
    "near_black_leaks": {
      "value": 0,
      "bounds": {
        "max": 0
      },
      "pass": true
    }
  },
  "degradation": {
    "stability_lss": {
      "baseline": 0.9982728085672534,
      "current": 0.9999148018495496,
      "delta": -0.0016419932822961947,
      "max_allowed": 0.2,
      "pass": true
    },
    "flicker_elatcsf": {
      "baseline": 0.10973500383660956,
      "current": 0.0008378486982922882,
      "delta": -0.10889715513831727,
      "max_allowed": -0.15,
      "pass": true
    },
    "energy_correlation": {
      "baseline": 0.13320387828061495,
      "current": 0.06685949839992775,
      "delta": 0.0663443798806872,
      "max_allowed": 0.25,
      "pass": true
    },
    "onset_response": {
      "baseline": 0.9886385621823587,
      "current": 0.9992051631445623,
      "delta": -0.010566600962203632,
      "max_allowed": 0.3,
      "pass": true
    },
    "composite": {
      "baseline": 0.6999381649762939,
      "current": 0.7368954443142515,
      "delta": -0.03695727933795756,
      "max_allowed": 0.15,
      "pass": true
    }
  },
  "extra_checks": {},
  "pass": true
}