{
  "test_id": "T2.5",
  "name": "SATURATION_VEIL (mode=4)",
  "device": "/dev/cu.usbmodem212401",
  "effect": "0x1302",
  "edgemixer": {
    "mode": 4,
    "spread": 30,
    "strength": 200,
    "spatial": 0,
    "temporal": 0
  },
  "frames_captured": 900,
  "metrics": {
    "L0": {
      "black_frame_ratio": 0.0,
      "clipped_frame_ratio": 0.0,
      "mean_brightness": 0.8705590141612201
    },
    "L1": {
      "stability_lss": 0.9999380575366965,
      "flicker_elatcsf": 0.0007268891903898401,
      "vmcr": 0.9993383401743706
    },
    "L2": {
      "energy_correlation": 0.04535908392070483,
      "beat_alignment": 0.041666666666666664,
      "onset_response": 0.9994605654761903
    },
    "composite": 0.5898463818311774,
    "strip_divergence_l2": 68.05528497965835,
    "near_black_leaks": 0
  },
  "gates": {
    "near_black_leaks": {
      "value": 0,
      "bounds": {
        "max": 0
      },
      "pass": true
    }
  },
  "degradation": {
    "stability_lss": {
      "baseline": 0.9982728085672534,
      "current": 0.9999380575366965,
      "delta": -0.0016652489694430894,
      "max_allowed": 0.2,
      "pass": true
    },
    "flicker_elatcsf": {
      "baseline": 0.10973500383660956,
      "current": 0.0007268891903898401,
      "delta": -0.10900811464621972,
      "max_allowed": -0.15,
      "pass": true
    },
    "energy_correlation": {
      "baseline": 0.13320387828061495,
      "current": 0.04535908392070483,
      "delta": 0.0878447943599101,
      "max_allowed": 0.25,
      "pass": true
    },
    "onset_response": {
      "baseline": 0.9886385621823587,
      "current": 0.9994605654761903,
      "delta": -0.01082200329383165,
      "max_allowed": 0.3,
      "pass": true
    },
    "composite": {
      "baseline": 0.6999381649762939,
      "current": 0.5898463818311774,
      "delta": 0.11009178314511647,
      "max_allowed": 0.15,
      "pass": true
    }
  },
  "extra_checks": {
    "hue_preservation": {
      "pass": true,
      "detail": "hue delta=0.1 FL units (threshold <15)",
      "value": 0.05607142648286359
    },
    "saturation_reduction": {
      "pass": true,
      "detail": "s1_sat=0.936 s2_sat=0.788",
      "value": -0.14869522344118313
    }
  },
  "pass": true
}