{
  "test_id": "T3.1",
  "name": "COMPLEMENTARY + CENTRE_GRADIENT",
  "device": "/dev/cu.usbmodem212401",
  "effect": "0x1302",
  "edgemixer": {
    "mode": 2,
    "spread": 30,
    "strength": 200,
    "spatial": 1,
    "temporal": 0
  },
  "frames_captured": 900,
  "metrics": {
    "L0": {
      "black_frame_ratio": 0.0,
      "clipped_frame_ratio": 0.0,
      "mean_brightness": 0.8082309232026144
    },
    "L1": {
      "stability_lss": 0.9993056282579773,
      "flicker_elatcsf": 0.0019363934945408978,
      "vmcr": 0.9979420285727509
    },
    "L2": {
      "energy_correlation": -0.055634143823121915,
      "beat_alignment": 0.0,
      "onset_response": 0.9976099871565233
    },
    "composite": 0.573416154792449,
    "strip_divergence_l2": 130.87898808479076,
    "near_black_leaks": 0
  },
  "gates": {
    "near_black_leaks": {
      "value": 0,
      "bounds": {
        "max": 0
      },
      "pass": true
    }
  },
  "degradation": {
    "stability_lss": {
      "baseline": 0.9982728085672534,
      "current": 0.9993056282579773,
      "delta": -0.0010328196907238851,
      "max_allowed": 0.2,
      "pass": true
    },
    "flicker_elatcsf": {
      "baseline": 0.10973500383660956,
      "current": 0.0019363934945408978,
      "delta": -0.10779861034206865,
      "max_allowed": -0.15,
      "pass": true
    },
    "energy_correlation": {
      "baseline": 0.13320387828061495,
      "current": -0.055634143823121915,
      "delta": 0.18883802210373685,
      "max_allowed": 0.25,
      "pass": true
    },
    "onset_response": {
      "baseline": 0.9886385621823587,
      "current": 0.9976099871565233,
      "delta": -0.008971424974164588,
      "max_allowed": 0.3,
      "pass": true
    },
    "composite": {
      "baseline": 0.6999381649762939,
      "current": 0.573416154792449,
      "delta": 0.1265220101838449,
      "max_allowed": 0.15,
      "pass": true
    }
  },
  "extra_checks": {
    "centre_gradient_monotonicity": {
      "pass": true,
      "detail": "centre=13.7 edge=236.1",
      "value": 17.192230264889194
    }
  },
  "pass": true
}