{
  "tool": "edgemixer_eval",
  "version": 1,
  "timestamp": "2026-03-13T20:37:49.199216+00:00",
  "results": [
    {
      "profile": {
        "name": "mirror",
        "description": "Control baseline -- no processing",
        "mode": 0,
        "spread": 30,
        "strength": 255,
        "spatial": 0,
        "temporal": 0
      },
      "run_metrics": {
        "strip_divergence_l2_mean": 0.8571130948180473,
        "strip_divergence_l2_std": 0.6092358885360638,
        "strip_divergence_l2_p5": 0.21584315060907056,
        "strip_divergence_l2_p95": 1.7689667207521564,
        "strip_divergence_max_mean": 15.200505855719609,
        "strip_divergence_max_std": 8.226256037645594,
        "strip_divergence_max_p5": 6.839512162874653,
        "strip_divergence_max_p95": 32.882693405771064,
        "hue_shift_mean_mean": 27.95870394105489,
        "hue_shift_mean_std": 34.692396802824454,
        "hue_shift_mean_p5": 0.0,
        "hue_shift_mean_p95": 108.73555555555556,
        "hue_shift_std_mean": 1.234987757803417,
        "hue_shift_std_std": 1.3971613330976662,
        "hue_shift_std_p5": 0.0,
        "hue_shift_std_p95": 4.1535856994668485,
        "saturation_delta_mean_mean": -0.2533948035395404,
        "saturation_delta_mean_std": 0.21028270390616594,
        "saturation_delta_mean_p5": -0.6,
        "saturation_delta_mean_p95": 0.0,
        "brightness_ratio_mean": 0.7746780381494974,
        "brightness_ratio_std": 0.4890960939371506,
        "brightness_ratio_p5": 0.24518530250237566,
        "brightness_ratio_p95": 1.399644412191581,
        "near_black_leaks_mean": 2.2533333333333334,
        "near_black_leaks_std": 3.9212016298862036,
        "near_black_leaks_p5": 0.0,
        "near_black_leaks_p95": 12.0,
        "active_pixel_count_mean": 12.2,
        "active_pixel_count_std": 6.432210610150552,
        "active_pixel_count_p5": 6.0,
        "active_pixel_count_p95": 26.0,
        "spatial_gradient_effectiveness_mean": 0.0,
        "spatial_gradient_effectiveness_std": 0.0,
        "spatial_gradient_effectiveness_p5": 0.0,
        "spatial_gradient_effectiveness_p95": 0.0,
        "rms_mean": 0.37901172401515726,
        "rms_std": 0.19600112462841882,
        "rms_p5": 0.05204013122758831,
        "rms_p95": 0.6420820935378041,
        "temporal_responsiveness": -0.10071829637142193,
        "near_black_total_leaks": 338,
        "n_frames": 150,
        "n_beats": 4
      },
      "safety": {
        "profile": "mirror",
        "gates": {
          "near_black_leaks": {
            "value": 2.2533333333333334,
            "threshold": 0,
            "pass": false
          },
          "brightness_preservation": {
            "value": 0.7746780381494974,
            "threshold": "0.70 - 1.30",
            "pass": true
          },
          "mirror_identity": {
            "value": 0.8571130948180473,
            "threshold": 1.0,
            "pass": true
          }
        },
        "overall_pass": false
      },
      "metadata": {
        "timestamp": "2026-03-13T20:37:20.151775+00:00",
        "port": "/dev/cu.usbmodem21401",
        "profile": "mirror",
        "n_frames": 150,
        "fps": 30,
        "stimulus": null
      }
    },
    {
      "profile": {
        "name": "split_comp",
        "description": "Split complementary (+150deg, -10% sat)",
        "mode": 3,
        "spread": 30,
        "strength": 255,
        "spatial": 0,
        "temporal": 0
      },
      "run_metrics": {
        "strip_divergence_l2_mean": 2.1974412713976825,
        "strip_divergence_l2_std": 1.2188493585424076,
        "strip_divergence_l2_p5": 0.6954182829258324,
        "strip_divergence_l2_p95": 4.798517309800512,
        "strip_divergence_max_mean": 42.44767796856919,
        "strip_divergence_max_std": 13.761587907771146,
        "strip_divergence_max_p5": 17.260501621116244,
        "strip_divergence_max_p95": 61.98386886924694,
        "hue_shift_mean_mean": 120.65797781425427,
        "hue_shift_mean_std": 24.168488383521463,
        "hue_shift_mean_p5": 57.32481684981685,
        "hue_shift_mean_p95": 144.58538224479696,
        "hue_shift_std_mean": 2.180997679249655,
        "hue_shift_std_std": 1.6524788150838166,
        "hue_shift_std_p5": 0.4691685623114762,
        "hue_shift_std_p95": 4.8655957611875165,
        "saturation_delta_mean_mean": -0.10591010079245375,
        "saturation_delta_mean_std": 0.17651418070776778,
        "saturation_delta_mean_p5": -0.5,
        "saturation_delta_mean_p95": 0.0,
        "brightness_ratio_mean": 0.9388200920968196,
        "brightness_ratio_std": 0.4283194497809311,
        "brightness_ratio_p5": 0.39513642806520205,
        "brightness_ratio_p95": 1.7577819198508855,
        "near_black_leaks_mean": 5.733333333333333,
        "near_black_leaks_std": 5.099891066374741,
        "near_black_leaks_p5": 0.0,
        "near_black_leaks_p95": 14.0,
        "active_pixel_count_mean": 11.826666666666666,
        "active_pixel_count_std": 6.298938182124209,
        "active_pixel_count_p5": 6.0,
        "active_pixel_count_p95": 25.099999999999966,
        "spatial_gradient_effectiveness_mean": 0.0,
        "spatial_gradient_effectiveness_std": 0.0,
        "spatial_gradient_effectiveness_p5": 0.0,
        "spatial_gradient_effectiveness_p95": 0.0,
        "rms_mean": 0.342431270822207,
        "rms_std": 0.20759452003509143,
        "rms_p5": 0.0282230869001297,
        "rms_p95": 0.6255481803616388,
        "temporal_responsiveness": -0.29777225192463086,
        "near_black_total_leaks": 860,
        "n_frames": 150,
        "n_beats": 2
      },
      "safety": {
        "profile": "split_comp",
        "gates": {
          "near_black_leaks": {
            "value": 5.733333333333333,
            "threshold": 0,
            "pass": false
          },
          "brightness_preservation": {
            "value": 0.9388200920968196,
            "threshold": "0.70 - 1.30",
            "pass": true
          }
        },
        "overall_pass": false
      },
      "metadata": {
        "timestamp": "2026-03-13T20:37:25.958454+00:00",
        "port": "/dev/cu.usbmodem21401",
        "profile": "split_comp",
        "n_frames": 150,
        "fps": 30,
        "stimulus": null
      }
    },
    {
      "profile": {
        "name": "sat_veil",
        "description": "Saturation veil (desaturate by spread)",
        "mode": 4,
        "spread": 30,
        "strength": 255,
        "spatial": 0,
        "temporal": 0
      },
      "run_metrics": {
        "strip_divergence_l2_mean": 0.9685503478897456,
        "strip_divergence_l2_std": 0.6729017758938665,
        "strip_divergence_l2_p5": 0.2584549574044989,
        "strip_divergence_l2_p95": 1.940479318184734,
        "strip_divergence_max_mean": 19.0527255221088,
        "strip_divergence_max_std": 10.966022532312431,
        "strip_divergence_max_p5": 7.594122389744736,
        "strip_divergence_max_p95": 45.2642079346645,
        "hue_shift_mean_mean": 24.48046369815088,
        "hue_shift_mean_std": 33.200657747081145,
        "hue_shift_mean_p5": 0.0,
        "hue_shift_mean_p95": 117.30681818181807,
        "hue_shift_std_mean": 1.5846588443148573,
        "hue_shift_std_std": 1.368914193334429,
        "hue_shift_std_p5": 0.0,
        "hue_shift_std_p95": 4.198920774085865,
        "saturation_delta_mean_mean": -0.3313668151306792,
        "saturation_delta_mean_std": 0.157219034972232,
        "saturation_delta_mean_p5": -0.5966722160689552,
        "saturation_delta_mean_p95": -0.16177287581699362,
        "brightness_ratio_mean": 0.7989881109015593,
        "brightness_ratio_std": 0.37246328218179797,
        "brightness_ratio_p5": 0.25987298774184014,
        "brightness_ratio_p95": 1.2667091836734694,
        "near_black_leaks_mean": 3.1333333333333333,
        "near_black_leaks_std": 4.480575359879081,
        "near_black_leaks_p5": 0.0,
        "near_black_leaks_p95": 11.099999999999966,