{
  "tool": "edgemixer_eval",
  "version": 1,
  "timestamp": "2026-03-13T21:13:02.964738+00:00",
  "results": [
    {
      "profile": {
        "name": "mirror",
        "description": "Control baseline -- no processing",
        "mode": 0,
        "spread": 30,
        "strength": 255,
        "spatial": 0,
        "temporal": 0
      },
      "run_metrics": {
        "strip_divergence_l2_mean": 76.05283375346684,
        "strip_divergence_l2_std": 30.481503190068782,
        "strip_divergence_l2_p5": 31.34129720771384,
        "strip_divergence_l2_p95": 128.53481945695472,
        "strip_divergence_max_mean": 107.43334072401949,
        "strip_divergence_max_std": 37.10180544856815,
        "strip_divergence_max_p5": 50.80304948450603,
        "strip_divergence_max_p95": 167.30823543871668,
        "hue_shift_mean_mean": 80.74795924526633,
        "hue_shift_mean_std": 32.93772933523762,
        "hue_shift_mean_p5": 27.322107348713207,
        "hue_shift_mean_p95": 132.88638142354094,
        "hue_shift_std_mean": 17.49738264623077,
        "hue_shift_std_std": 10.749043159925478,
        "hue_shift_std_p5": 4.483383217692733,
        "hue_shift_std_p95": 41.204596931826245,
        "saturation_delta_mean_mean": -0.0020629246661954892,
        "saturation_delta_mean_std": 0.04708252793026494,
        "saturation_delta_mean_p5": -0.0800243442207703,
        "saturation_delta_mean_p95": 0.08541818769219815,
        "brightness_ratio_mean": 1.05933198160976,
        "brightness_ratio_std": 0.4071096160356744,
        "brightness_ratio_p5": 0.4635256062607757,
        "brightness_ratio_p95": 1.6974234654108273,
        "near_black_leaks_mean": 0.0,
        "near_black_leaks_std": 0.0,
        "near_black_leaks_p5": 0.0,
        "near_black_leaks_p95": 0.0,
        "active_pixel_count_mean": 160.0,
        "active_pixel_count_std": 0.0,
        "active_pixel_count_p5": 160.0,
        "active_pixel_count_p95": 160.0,
        "spatial_gradient_effectiveness_mean": 0.6671641548235333,
        "spatial_gradient_effectiveness_std": 0.30308570155953746,
        "spatial_gradient_effectiveness_p5": 0.30985305497618487,
        "spatial_gradient_effectiveness_p95": 1.2372551919993118,
        "rms_mean": 0.3554484372218407,
        "rms_std": 0.21145211888730306,
        "rms_p5": 0.011656366826886397,
        "rms_p95": 0.6620294499122602,
        "temporal_responsiveness": -0.02763898869712053,
        "near_black_total_leaks": 0,
        "n_frames": 150,
        "n_beats": 2
      },
      "safety": {
        "profile": "mirror",
        "gates": {
          "near_black_leaks": {
            "value": 0.0,
            "threshold": 10,
            "pass": true
          },
          "brightness_preservation": {
            "value": 1.05933198160976,
            "threshold": "0.55 - 1.3",
            "pass": true
          },
          "mirror_identity": {
            "value": 76.05283375346684,
            "threshold": 5.0,
            "pass": false
          }
        },
        "overall_pass": false
      },
      "metadata": {
        "timestamp": "2026-03-13T21:12:28.580521+00:00",
        "port": "/dev/cu.usbmodem21401",
        "profile": "mirror",
        "n_frames": 150,
        "fps": 30,
        "stimulus": null
      }
    },
    {
      "profile": {
        "name": "split_comp",
        "description": "Split complementary (+150deg, -10% sat)",
        "mode": 3,
        "spread": 30,
        "strength": 255,
        "spatial": 0,
        "temporal": 0
      },
      "run_metrics": {
        "strip_divergence_l2_mean": 73.86867426401388,
        "strip_divergence_l2_std": 25.585392166974774,
        "strip_divergence_l2_p5": 33.39803006418744,
        "strip_divergence_l2_p95": 114.99330911058634,
        "strip_divergence_max_mean": 98.81419145405962,
        "strip_divergence_max_std": 26.966440265889453,
        "strip_divergence_max_p5": 55.68337171423559,
        "strip_divergence_max_p95": 146.03444108745208,
        "hue_shift_mean_mean": 80.9078838708465,
        "hue_shift_mean_std": 38.88742123038062,
        "hue_shift_mean_p5": 27.80040615501717,
        "hue_shift_mean_p95": 141.6653394217331,
        "hue_shift_std_mean": 15.062465699646658,
        "hue_shift_std_std": 7.014406380274821,
        "hue_shift_std_p5": 4.499172980583744,
        "hue_shift_std_p95": 28.317507365954377,
        "saturation_delta_mean_mean": -0.0034067293165519906,
        "saturation_delta_mean_std": 0.04365433510015467,
        "saturation_delta_mean_p5": -0.06892094145945846,
        "saturation_delta_mean_p95": 0.08650909494573915,
        "brightness_ratio_mean": 1.019240068716041,
        "brightness_ratio_std": 0.2985604892399581,
        "brightness_ratio_p5": 0.5463741264071115,
        "brightness_ratio_p95": 1.4331507193256985,
        "near_black_leaks_mean": 0.0,
        "near_black_leaks_std": 0.0,
        "near_black_leaks_p5": 0.0,
        "near_black_leaks_p95": 0.0,
        "active_pixel_count_mean": 160.0,
        "active_pixel_count_std": 0.0,
        "active_pixel_count_p5": 160.0,
        "active_pixel_count_p95": 160.0,
        "spatial_gradient_effectiveness_mean": 1.082233253200884,
        "spatial_gradient_effectiveness_std": 0.458436090364685,
        "spatial_gradient_effectiveness_p5": 0.5903078712381324,
        "spatial_gradient_effectiveness_p95": 2.0134178717209443,
        "rms_mean": 0.33159807736324104,
        "rms_std": 0.2104522505545972,
        "rms_p5": 0.007862973983367666,
        "rms_p95": 0.6249942778667887,
        "temporal_responsiveness": -0.05343401922503619,
        "near_black_total_leaks": 0,
        "n_frames": 150,
        "n_beats": 7
      },
      "safety": {
        "profile": "split_comp",
        "gates": {
          "near_black_leaks": {
            "value": 0.0,
            "threshold": 10,
            "pass": true
          },
          "brightness_preservation": {
            "value": 1.019240068716041,
            "threshold": "0.55 - 1.3",
            "pass": true
          }
        },
        "overall_pass": true
      },
      "metadata": {
        "timestamp": "2026-03-13T21:12:36.961325+00:00",
        "port": "/dev/cu.usbmodem21401",
        "profile": "split_comp",
        "n_frames": 150,
        "fps": 30,
        "stimulus": null
      }
    },
    {
      "profile": {
        "name": "sat_veil",
        "description": "Saturation veil (desaturate by spread)",
        "mode": 4,
        "spread": 30,
        "strength": 255,
        "spatial": 0,
        "temporal": 0
      },
      "run_metrics": {
        "strip_divergence_l2_mean": 80.14159394466364,
        "strip_divergence_l2_std": 33.898756292636556,
        "strip_divergence_l2_p5": 33.516427803790975,
        "strip_divergence_l2_p95": 145.86010945919926,
        "strip_divergence_max_mean": 109.43288858997725,
        "strip_divergence_max_std": 40.42774906983604,
        "strip_divergence_max_p5": 52.33202485593559,
        "strip_divergence_max_p95": 184.35598366696533,
        "hue_shift_mean_mean": 79.386630151123,
        "hue_shift_mean_std": 35.07005694353634,
        "hue_shift_mean_p5": 19.35452539068885,
        "hue_shift_mean_p95": 136.4388028364263,
        "hue_shift_std_mean": 16.295527751500284,
        "hue_shift_std_std": 10.624809891001512,
        "hue_shift_std_p5": 3.020514894569751,
        "hue_shift_std_p95": 39.12422001108976,
        "saturation_delta_mean_mean": -0.25040343960701866,
        "saturation_delta_mean_std": 0.05897447551250915,
        "saturation_delta_mean_p5": -0.33770545348381625,
        "saturation_delta_mean_p95": -0.15591876793952097,
        "brightness_ratio_mean": 1.1852533059513564,
        "brightness_ratio_std": 0.42405275103510504,
        "brightness_ratio_p5": 0.5504450142773935,
        "brightness_ratio_p95": 1.849641282749236,
        "near_black_leaks_mean": 0.0,
        "near_black_leaks_std": 0.0,
        "near_black_leaks_p5": 0.0,