{
  "tool": "edgemixer_eval",
  "version": 1,
  "timestamp": "2026-03-13T20:39:18.100961+00:00",
  "results": [
    {
      "profile": {
        "name": "mirror",
        "description": "Control baseline -- no processing",
        "mode": 0,
        "spread": 30,
        "strength": 255,
        "spatial": 0,
        "temporal": 0
      },
      "run_metrics": {
        "strip_divergence_l2_mean": 0.6071621221542548,
        "strip_divergence_l2_std": 0.45140719152248154,
        "strip_divergence_l2_p5": 0.10340622592448495,
        "strip_divergence_l2_p95": 1.3253846039752282,
        "strip_divergence_max_mean": 13.921207495632922,
        "strip_divergence_max_std": 8.041972096250216,
        "strip_divergence_max_p5": 4.123105625617661,
        "strip_divergence_max_p95": 31.206519921054255,
        "hue_shift_mean_mean": 38.34730391351963,
        "hue_shift_mean_std": 45.07854274885424,
        "hue_shift_mean_p5": 0.0,
        "hue_shift_mean_p95": 120.0,
        "hue_shift_std_mean": 1.2135581062573528,
        "hue_shift_std_std": 1.8559578918782762,
        "hue_shift_std_p5": 0.0,
        "hue_shift_std_p95": 5.76987179487179,
        "saturation_delta_mean_mean": -0.1371835016835017,
        "saturation_delta_mean_std": 0.22990993302204832,
        "saturation_delta_mean_p5": -0.6,
        "saturation_delta_mean_p95": 0.0,
        "brightness_ratio_mean": 0.9874272758280741,
        "brightness_ratio_std": 0.4981115804282607,
        "brightness_ratio_p5": 0.19898785425101218,
        "brightness_ratio_p95": 1.6575757575757573,
        "near_black_leaks_mean": 2.933333333333333,
        "near_black_leaks_std": 3.4979358992919742,
        "near_black_leaks_p5": 0.0,
        "near_black_leaks_p95": 8.549999999999983,
        "active_pixel_count_mean": 8.313333333333333,
        "active_pixel_count_std": 5.517410825942022,
        "active_pixel_count_p5": 2.9000000000000004,
        "active_pixel_count_p95": 20.0,
        "spatial_gradient_effectiveness_mean": 0.0,
        "spatial_gradient_effectiveness_std": 0.0,
        "spatial_gradient_effectiveness_p5": 0.0,
        "spatial_gradient_effectiveness_p95": 0.0,
        "rms_mean": 0.4708334986394038,
        "rms_std": 0.21620795586372285,
        "rms_p5": 0.08273517967498284,
        "rms_p95": 0.8017601281757837,
        "temporal_responsiveness": 0.03586950657359418,
        "near_black_total_leaks": 440,
        "n_frames": 150,
        "n_beats": 3
      },
      "safety": {
        "profile": "mirror",
        "gates": {
          "near_black_leaks": {
            "value": 2.933333333333333,
            "threshold": 10,
            "pass": true
          },
          "brightness_preservation": {
            "value": 0.9874272758280741,
            "threshold": "0.55 - 1.3",
            "pass": true
          },
          "mirror_identity": {
            "value": 0.6071621221542548,
            "threshold": 5.0,
            "pass": true
          }
        },
        "overall_pass": true
      },
      "metadata": {
        "timestamp": "2026-03-13T20:38:49.045063+00:00",
        "port": "/dev/cu.usbmodem21401",
        "profile": "mirror",
        "n_frames": 150,
        "fps": 30,
        "stimulus": null
      }
    },
    {
      "profile": {
        "name": "split_comp",
        "description": "Split complementary (+150deg, -10% sat)",
        "mode": 3,
        "spread": 30,
        "strength": 255,
        "spatial": 0,
        "temporal": 0
      },
      "run_metrics": {
        "strip_divergence_l2_mean": 1.9311270867079406,
        "strip_divergence_l2_std": 1.2442058264435456,
        "strip_divergence_l2_p5": 0.2821805244319649,
        "strip_divergence_l2_p95": 4.156541546521278,
        "strip_divergence_max_mean": 44.10673611279639,
        "strip_divergence_max_std": 19.642195128756445,
        "strip_divergence_max_p5": 11.811968938271997,
        "strip_divergence_max_p95": 69.66347680097513,
        "hue_shift_mean_mean": 115.51931127608678,
        "hue_shift_mean_std": 23.192694026283956,
        "hue_shift_mean_p5": 58.06363636363636,
        "hue_shift_mean_p95": 144.09976248976247,
        "hue_shift_std_mean": 1.7608470854511915,
        "hue_shift_std_std": 1.9480385868324448,
        "hue_shift_std_p5": 0.1932525606649104,
        "hue_shift_std_p95": 3.8096926034070306,
        "saturation_delta_mean_mean": -0.18245197784671466,
        "saturation_delta_mean_std": 0.21465087843630143,
        "saturation_delta_mean_p5": -0.6,
        "saturation_delta_mean_p95": 0.0,
        "brightness_ratio_mean": 0.7560589679415372,
        "brightness_ratio_std": 0.3320474750011836,
        "brightness_ratio_p5": 0.3175892857142858,
        "brightness_ratio_p95": 1.3333333333333337,
        "near_black_leaks_mean": 2.3066666666666666,
        "near_black_leaks_std": 3.4620738807188327,
        "near_black_leaks_p5": 0.0,
        "near_black_leaks_p95": 10.0,
        "active_pixel_count_mean": 10.813333333333333,
        "active_pixel_count_std": 6.536448237043996,
        "active_pixel_count_p5": 4.0,
        "active_pixel_count_p95": 23.099999999999966,
        "spatial_gradient_effectiveness_mean": 0.0,
        "spatial_gradient_effectiveness_std": 0.0,
        "spatial_gradient_effectiveness_p5": 0.0,
        "spatial_gradient_effectiveness_p95": 0.0,
        "rms_mean": 0.43262541644413927,
        "rms_std": 0.2279679571711597,
        "rms_p5": 0.0316586556801709,
        "rms_p95": 0.7593957427328908,
        "temporal_responsiveness": 0.03781208359319332,
        "near_black_total_leaks": 346,
        "n_frames": 150,
        "n_beats": 4
      },
      "safety": {
        "profile": "split_comp",
        "gates": {
          "near_black_leaks": {
            "value": 2.3066666666666666,
            "threshold": 10,
            "pass": true
          },
          "brightness_preservation": {
            "value": 0.7560589679415372,
            "threshold": "0.55 - 1.3",
            "pass": true
          }
        },
        "overall_pass": true
      },
      "metadata": {
        "timestamp": "2026-03-13T20:38:54.816960+00:00",
        "port": "/dev/cu.usbmodem21401",
        "profile": "split_comp",
        "n_frames": 150,
        "fps": 30,
        "stimulus": null
      }
    },
    {
      "profile": {
        "name": "sat_veil",
        "description": "Saturation veil (desaturate by spread)",
        "mode": 4,
        "spread": 30,
        "strength": 255,
        "spatial": 0,
        "temporal": 0
      },
      "run_metrics": {
        "strip_divergence_l2_mean": 1.1746114866058164,
        "strip_divergence_l2_std": 0.7691724401346486,
        "strip_divergence_l2_p5": 0.3324978654385641,
        "strip_divergence_l2_p95": 2.751465979073947,
        "strip_divergence_max_mean": 18.94689746323104,
        "strip_divergence_max_std": 9.73011184508222,
        "strip_divergence_max_p5": 8.06225774829855,
        "strip_divergence_max_p95": 41.613552671219296,
        "hue_shift_mean_mean": 24.5578119874307,
        "hue_shift_mean_std": 36.769713166581,
        "hue_shift_mean_p5": 0.0,
        "hue_shift_mean_p95": 120.0,
        "hue_shift_std_mean": 1.6697485917480903,
        "hue_shift_std_std": 1.953402535315335,
        "hue_shift_std_p5": 0.0,
        "hue_shift_std_p95": 5.286980279172346,
        "saturation_delta_mean_mean": -0.35329958657606686,
        "saturation_delta_mean_std": 0.17283354146316054,
        "saturation_delta_mean_p5": -0.6374742438759959,
        "saturation_delta_mean_p95": -0.17958309650119994,
        "brightness_ratio_mean": 0.9897597939020791,
        "brightness_ratio_std": 0.5979217232335617,
        "brightness_ratio_p5": 0.26128414120695237,
        "brightness_ratio_p95": 1.7770559210526318,
        "near_black_leaks_mean": 2.6466666666666665,
        "near_black_leaks_std": 3.1940291517489667,
        "near_black_leaks_p5": 0.0,
        "near_black_leaks_p95": 8.0,