{
  "test_id": "T2.3",
  "name": "COMPLEMENTARY (mode=2)",
  "device": "/dev/cu.usbmodem212401",
  "effect": "0x1302",
  "edgemixer": {
    "mode": 2,
    "spread": 30,
    "strength": 200,
    "spatial": 0,
    "temporal": 0
  },
  "frames_captured": 900,
  "metrics": {
    "L0": {
      "black_frame_ratio": 0.0,
      "clipped_frame_ratio": 0.0,
      "mean_brightness": 0.7470485974945534
    },
    "L1": {
      "stability_lss": 0.9999162195467731,
      "flicker_elatcsf": 0.00043171948381015514,
      "vmcr": 0.9997051323646037
    },
    "L2": {
      "energy_correlation": -0.005695143738858862,
      "beat_alignment": 0.05,
      "onset_response": 1.0000444090320384
    },
    "composite": 0.5822602768546438,
    "strip_divergence_l2": 254.4789112163371,
    "near_black_leaks": 0
  },
  "gates": {
    "near_black_leaks": {
      "value": 0,
      "bounds": {
        "max": 0
      },
      "pass": true
    }
  },
  "degradation": {
    "stability_lss": {
      "baseline": 0.9982774978734542,
      "current": 0.9999162195467731,
      "delta": -0.0016387216733189103,
      "max_allowed": 0.2,
      "pass": true
    },
    "flicker_elatcsf": {
      "baseline": 0.1111741918299812,
      "current": 0.00043171948381015514,
      "delta": -0.11074247234617104,
      "max_allowed": -0.15,
      "pass": true
    },
    "energy_correlation": {
      "baseline": 0.21731032937862596,
      "current": -0.005695143738858862,
      "delta": 0.2230054731174848,
      "max_allowed": 0.25,
      "pass": true
    },
    "onset_response": {
      "baseline": 0.9427354796313324,
      "current": 1.0000444090320384,
      "delta": -0.05730892940070598,
      "max_allowed": 0.3,
      "pass": true
    },
    "composite": {
      "baseline": 0.7091484551058999,
      "current": 0.5822602768546438,
      "delta": 0.1268881782512561,
      "max_allowed": 0.15,
      "pass": true
    }
  },
  "extra_checks": {
    "saturation_preservation": {
      "pass": true,
      "detail": "sat ratio=0.624 (threshold \u22650.60)",
      "value": 0.6244647557350778
    },
    "hue_offset_128": {
      "pass": true,
      "detail": "hue delta=127.9 FL units (threshold 100-156)",
      "value": 127.92271341674716
    }
  },
  "pass": true
}