{
  "test_id": "T2.5",
  "name": "SATURATION_VEIL (mode=4)",
  "device": "/dev/cu.usbmodem212401",
  "effect": "0x1302",
  "edgemixer": {
    "mode": 4,
    "spread": 30,
    "strength": 200,
    "spatial": 0,
    "temporal": 0
  },
  "frames_captured": 900,
  "metrics": {
    "L0": {
      "black_frame_ratio": 0.0,
      "clipped_frame_ratio": 0.0,
      "mean_brightness": 0.870575667211329
    },
    "L1": {
      "stability_lss": 0.9999714552116731,
      "flicker_elatcsf": 0.0004328549161072097,
      "vmcr": 0.9996786197421078
    },
    "L2": {
      "energy_correlation": -0.03523690189690172,
      "beat_alignment": 0.0,
      "onset_response": 0.999551976545511
    },
    "composite": 0.5747316124431765,
    "strip_divergence_l2": 68.06920799273027,
    "near_black_leaks": 0
  },
  "gates": {
    "near_black_leaks": {
      "value": 0,
      "bounds": {
        "max": 0
      },
      "pass": true
    }
  },
  "degradation": {
    "stability_lss": {
      "baseline": 0.9982774978734542,
      "current": 0.9999714552116731,
      "delta": -0.0016939573382188655,
      "max_allowed": 0.2,
      "pass": true
    },
    "flicker_elatcsf": {
      "baseline": 0.1111741918299812,
      "current": 0.0004328549161072097,
      "delta": -0.11074133691387399,
      "max_allowed": -0.15,
      "pass": true
    },
    "energy_correlation": {
      "baseline": 0.21731032937862596,
      "current": -0.03523690189690172,
      "delta": 0.2525472312755277,
      "max_allowed": 0.25,
      "pass": false
    },
    "onset_response": {
      "baseline": 0.9427354796313324,
      "current": 0.999551976545511,
      "delta": -0.05681649691417856,
      "max_allowed": 0.3,
      "pass": true
    },
    "composite": {
      "baseline": 0.7091484551058999,
      "current": 0.5747316124431765,
      "delta": 0.13441684266272336,
      "max_allowed": 0.15,
      "pass": true
    }
  },
  "extra_checks": {
    "hue_preservation": {
      "pass": true,
      "detail": "hue delta=0.1 FL units (threshold <15)",
      "value": 0.06088442074188899
    },
    "saturation_reduction": {
      "pass": true,
      "detail": "s1_sat=0.936 s2_sat=0.788",
      "value": -0.14869212607649396
    }
  },
  "pass": false
}