{
  "test_id": "T3.1",
  "name": "COMPLEMENTARY + CENTRE_GRADIENT",
  "device": "/dev/cu.usbmodem212401",
  "effect": "0x1302",
  "edgemixer": {
    "mode": 2,
    "spread": 30,
    "strength": 200,
    "spatial": 1,
    "temporal": 0
  },
  "frames_captured": 900,
  "metrics": {
    "L0": {
      "black_frame_ratio": 0.0,
      "clipped_frame_ratio": 0.0,
      "mean_brightness": 0.8083210784313726
    },
    "L1": {
      "stability_lss": 1.0,
      "flicker_elatcsf": 1.3734926061555326e-16,
      "vmcr": 1.0
    },
    "L2": {
      "energy_correlation": -3.70482783655299e-17,
      "beat_alignment": 0.0,
      "onset_response": 0.9999999999999998
    },
    "composite": 0.575,
    "strip_divergence_l2": 130.8337248017021,
    "near_black_leaks": 0
  },
  "gates": {
    "near_black_leaks": {
      "value": 0,
      "bounds": {
        "max": 0
      },
      "pass": true
    }
  },
  "degradation": {
    "stability_lss": {
      "baseline": 0.9982774978734542,
      "current": 1.0,
      "delta": -0.0017225021265457885,
      "max_allowed": 0.2,
      "pass": true
    },
    "flicker_elatcsf": {
      "baseline": 0.1111741918299812,
      "current": 1.3734926061555326e-16,
      "delta": -0.11117419182998106,
      "max_allowed": -0.15,
      "pass": true
    },
    "energy_correlation": {
      "baseline": 0.21731032937862596,
      "current": -3.70482783655299e-17,
      "delta": 0.217310329378626,
      "max_allowed": 0.25,
      "pass": true
    },
    "onset_response": {
      "baseline": 0.9427354796313324,
      "current": 0.9999999999999998,
      "delta": -0.05726452036866736,
      "max_allowed": 0.3,
      "pass": true
    },
    "composite": {
      "baseline": 0.7091484551058999,
      "current": 0.575,
      "delta": 0.1341484551058999,
      "max_allowed": 0.15,
      "pass": true
    }
  },
  "extra_checks": {
    "centre_gradient_monotonicity": {
      "pass": true,
      "detail": "centre=13.3 edge=236.3",
      "value": 17.743391760314097
    }
  },
  "pass": true
}