CMD: python3 firmware-v3/tools/analyse_trace.py firmware-v3/docs/research/phase1b_runtime_evidence_2026-04-27/reboot_clean_rerun/traces/silence_idle.json --output firmware-v3/docs/research/phase1b_runtime_evidence_2026-04-27/reboot_clean_rerun/reports/silence_idle.report.md --json firmware-v3/docs/research/phase1b_runtime_evidence_2026-04-27/reboot_clean_rerun/reports/silence_idle.report.json --deadline-span render_frame --deadline-us 2000 --quiet

STDOUT:
… render_frame_work_us p99 = 3750 µs (no baseline supplied)

## Capture summary

| Field | Value |
|---|---|
| File | `/Users/spectrasynq/Workspace_Management/Software/Lightwave-Ledstrip/firmware-v3/docs/research/phase1b_runtime_evidence_2026-04-27/reboot_clean_rerun/traces/silence_idle.json` |
| Events | 5486 |
| Duration | 1.160 s |
| Counters | 71 |
| Spans | 16 |
| Instants | 2 |
| Regions | 1 |

## Render frame deadline misses

_No deadline misses detected._

## Per-counter statistics

### audio_chunk_deadline_miss_total

| count | min | max | mean | p50 | p90 | p95 | p99 | p999 |
|---|---|---|---|---|---|---|---|---|
| 103 | 8452 | 8554 | 8503.0 | 8503 | 8544 | 8549 | 8553 | 8554 |

```
[    8452 ..    8458.38 ] ████████████████████████████████       7  (  6.8%)
[   8458.38 ..    8464.75 ] ███████████████████████████▍           6  (  5.8%)
[   8464.75 ..    8471.12 ] ████████████████████████████████       7  (  6.8%)
[   8471.12 ..    8477.50 ] ███████████████████████████▍           6  (  5.8%)
[   8477.50 ..    8483.88 ] ███████████████████████████▍           6  (  5.8%)
[   8483.88 ..    8490.25 ] ████████████████████████████████       7  (  6.8%)
[   8490.25 ..    8496.62 ] ███████████████████████████▍           6  (  5.8%)
[   8496.62 ..     8503 ] ███████████████████████████▍           6  (  5.8%)
[    8503 ..    8509.38 ] ████████████████████████████████       7  (  6.8%)
[   8509.38 ..    8515.75 ] ███████████████████████████▍           6  (  5.8%)
[   8515.75 ..    8522.12 ] ████████████████████████████████       7  (  6.8%)
[   8522.12 ..    8528.50 ] ███████████████████████████▍           6  (  5.8%)
[   8528.50 ..    8534.88 ] ███████████████████████████▍           6  (  5.8%)
[   8534.88 ..    8541.25 ] ████████████████████████████████       7  (  6.8%)
[   8541.25 ..    8547.62 ] ███████████████████████████▍           6  (  5.8%)
[   8547.62 ..     8554 ] ████████████████████████████████       7  (  6.8%)
                                                      0%  100%
```

_sparkline computed from time-ordered samples_

### audio_chunk_work_us

| count | min | max | mean | p50 | p90 | p95 | p99 | p999 |
|---|---|---|---|---|---|---|---|---|
| 103 | 6961 | 9459 | 8251.9 | 8274 | 8945 | 9166 | 9438 | 9459 |

```
[    6961 ..    7117.12 ] ██████                                 3  (  2.9%)
[   7117.12 ..    7273.25 ] ██████                                 3  (  2.9%)
[   7273.25 ..    7429.38 ] ████████                               4  (  3.9%)
[   7429.38 ..    7585.50 ] ████████████████                       8  (  7.8%)
[   7585.50 ..    7741.62 ] ████████████                           6  (  5.8%)
[   7741.62 ..    7897.75 ] ██████                                 3  (  2.9%)
[   7897.75 ..    8053.88 ] ██████████████████████                11  ( 10.7%)
[   8053.88 ..     8210 ] ████████████████                       8  (  7.8%)
[    8210 ..    8366.12 ] ████████████████████████              12  ( 11.7%)
[   8366.12 ..    8522.25 ] ██████████                             5  (  4.9%)
[   8522.25 ..    8678.38 ] ████████████████                       8  (  7.8%)
[   8678.38 ..    8834.50 ] ████████████████████████████████      16  ( 15.5%)
[   8834.50 ..    8990.62 ] ████████████                           6  (  5.8%)
[   8990.62 ..    9146.75 ] ████████                               4  (  3.9%)
[   9146.75 ..    9302.88 ] ████                                   2  (  1.9%)
[   9302.88 ..     9459 ] ████████                               4  (  3.9%)
                                                      0%  100%
```

_sparkline computed from time-ordered samples_

### audio_confidence

| count | min | max | mean | p50 | p90 | p95 | p99 | p999 |
|---|---|---|---|---|---|---|---|---|
| 52 | 975 | 1000 | 998.6 | 1000 | 1000 | 1000 | 1000 | 1000 |

```
[     975 ..     976.56 ] ▋                                      1  (  1.9%)
[    976.56 ..     978.12 ]                                        0  (  0.0%)
[    978.12 ..     979.69 ]                                        0  (  0.0%)
[    979.69 ..     981.25 ] ▋                                      1  (  1.9%)
[    981.25 ..     982.81 ]                                        0  (  0.0%)
[    982.81 ..     984.38 ]                                        0  (  0.0%)
[    984.38 ..     985.94 ] ▋                                      1  (  1.9%)
[    985.94 ..     987.50 ]                                        0  (  0.0%)
[    987.50 ..     989.06 ]                                        0  (  0.0%)
[    989.06 ..     990.62 ] ▋                                      1  (  1.9%)
[    990.62 ..     992.19 ]                                        0  (  0.0%)
[    992.19 ..     993.75 ]                                        0  (  0.0%)
[    993.75 ..     995.31 ] ▋                                      1  (  1.9%)
[    995.31 ..     996.88 ]                                        0  (  0.0%)
[    996.88 ..     998.44 ]                                        0  (  0.0%)
[    998.44 ..     1000 ] ████████████████████████████████      47  ( 90.4%)
                                                      0%  100%
```

_sparkline computed from time-ordered samples_

### audio_hop_count

| count | min | max | mean | p50 | p90 | p95 | p99 | p999 |
|---|---|---|---|---|---|---|---|---|
| 52 | 4226 | 4277 | 4251.5 | 4251 | 4272 | 4275 | 4277 | 4277 |

```
[    4226 ..    4229.19 ] ████████████████████████████████       4  (  7.7%)
[   4229.19 ..    4232.38 ] ████████████████████████               3  (  5.8%)
[   4232.38 ..    4235.56 ] ████████████████████████               3  (  5.8%)
[   4235.56 ..    4238.75 ] ████████████████████████               3  (  5.8%)
[   4238.75 ..    4241.94 ] ████████████████████████               3  (  5.8%)
[   4241.94 ..    4245.12 ] ████████████████████████████████       4  (  7.7%)
[   4245.12 ..    4248.31 ] ████████████████████████               3  (  5.8%)
[   4248.31 ..    4251.50 ] ████████████████████████               3  (  5.8%)
[   4251.50 ..    4254.69 ] ████████████████████████               3  (  5.8%)
[   4254.69 ..    4257.88 ] ████████████████████████               3  (  5.8%)
[   4257.88 ..    4261.06 ] ████████████████████████████████       4  (  7.7%)
[   4261.06 ..    4264.25 ] ████████████████████████               3  (  5.8%)
[   4264.25 ..    4267.44 ] ████████████████████████               3  (  5.8%)
[   4267.44 ..    4270.62 ] ████████████████████████               3  (  5.8%)
[   4270.62 ..    4273.81 ] ████████████████████████               3  (  5.8%)
[   4273.81 ..     4277 ] ████████████████████████████████       4  (  7.7%)
                                                      0%  100%
```

_sparkline computed from time-ordered samples_

### audio_hop_deadline_miss_total

| count | min | max | mean | p50 | p90 | p95 | p99 | p999 |
|---|---|---|---|---|---|---|---|---|
| 52 | 4226 | 4277 | 4251.5 | 4251 | 4272 | 4275 | 4277 | 4277 |

```
[    4226 ..    4229.19 ] ████████████████████████████████       4  (  7.7%)
[   4229.19 ..    4232.38 ] ████████████████████████               3  (  5.8%)
[   4232.38 ..    4235.56 ] ████████████████████████               3  (  5.8%)
[   4235.56 ..    4238.75 ] ████████████████████████               3  (  5.8%)
[   4238.75 ..    4241.94 ] ████████████████████████               3  (  5.8%)
[   4241.94 ..    4245.12 ] ████████████████████████████████       4  (  7.7%)
[   4245.12 ..    4248.31 ] ████████████████████████               3  (  5.8%)
[   4248.31 ..    4251.50 ] ████████████████████████               3  (  5.8%)
[   4251.50 ..    4254.69 ] ████████████████████████               3  (  5.8%)
[   4254.69 ..    4257.88 ] ████████████████████████               3  (  5.8%)
[   4257.88 ..    4261.06 ] ████████████████████████████████       4  (  7.7%)
[   4261.06 ..    4264.25 ] ████████████████████████               3  (  5.8%)
[   4264.25 ..    4267.44 ] ████████████████████████               3  (  5.8%)
[   4267.44 ..    4270.62 ] ████████████████████████               3  (  5.8%)
[   4270.62 ..    4273.81 ] ████████████████████████               3  (  5.8%)
[   4273.81 ..     4277 ] ████████████████████████████████       4  (  7.7%)
                                                      0%  100%
```

_sparkline computed from time-ordered samples_

### audio_hop_freq

| count | min | max | mean | p50 | p90 | p95 | p99 | p999 |
|---|---|---|---|---|---|---|---|---|
| 52 | 4074 | 4939 | 4462.2 | 4427 | 4699 | 4816 | 4939 | 4939 |

```
[    4074 ..    4128.06 ] ██████████▋                            2  (  3.8%)
[   4128.06 ..    4182.12 ] ██████████▋                            2  (  3.8%)
[   4182.12 ..    4236.19 ] ████████████████                       3  (  5.8%)
[   4236.19 ..    4290.25 ] ██████████████████████████▋            5  (  9.6%)
[   4290.25 ..    4344.31 ] ██████████████████████████▋            5  (  9.6%)
[   4344.31 ..    4398.38 ] ████████████████████████████████       6  ( 11.5%)
[   4398.38 ..    4452.44 ] █████████████████████▍                 4  (  7.7%)
[   4452.44 ..    4506.50 ] ████████████████                       3  (  5.8%)
[   4506.50 ..    4560.56 ] █████████████████████▍                 4  (  7.7%)
[   4560.56 ..    4614.62 ] ██████████████████████████▋            5  (  9.6%)
[   4614.62 ..    4668.69 ] ████████████████████████████████       6  ( 11.5%)
[   4668.69 ..    4722.75 ] ██████████▋                            2  (  3.8%)
[   4722.75 ..    4776.81 ]                                        0  (  0.0%)
[   4776.81 ..    4830.88 ] ████████████████                       3  (  5.8%)
[   4830.88 ..    4884.94 ] █████▍                                 1  (  1.9%)
[   4884.94 ..     4939 ] █████▍                                 1  (  1.9%)
                                                      0%  100%
```

_sparkline computed from time-ordered samples_

### audio_hop_us

| count | min | max | mean | p50 | p90 | p95 | p99 | p999 |
|---|---|---|---|---|---|---|---|---|
| 52 | 19817 | 24108 | 22019.8 | 22056 | 23331 | 23487 | 24108 | 24108 |

```
[   19817 ..   20085.19 ] █████▍                                 1  (  1.9%)
[  20085.19 ..   20353.38 ] ██████████▋                            2  (  3.8%)
[  20353.38 ..   20621.56 ] ██████████▋                            2  (  3.8%)
[  20621.56 ..   20889.75 ] █████▍                                 1  (  1.9%)
[  20889.75 ..   21157.94 ] ████████████████████████████████       6  ( 11.5%)
[  21157.94 ..   21426.12 ] █████████████████████▍                 4  (  7.7%)
[  21426.12 ..   21694.31 ] ████████████████████████████████       6  ( 11.5%)
[  21694.31 ..   21962.50 ] ██████████▋                            2  (  3.8%)
[  21962.50 ..   22230.69 ] █████████████████████▍                 4  (  7.7%)
[  22230.69 ..   22498.88 ] ██████████████████████████▋            5  (  9.6%)
[  22498.88 ..   22767.06 ] ████████████████████████████████       6  ( 11.5%)
[  22767.06 ..   23035.25 ] ██████████████████████████▋            5  (  9.6%)
[  23035.25 ..   23303.44 ] ██████████▋                            2  (  3.8%)
[  23303.44 ..   23571.62 ] █████████████████████▍                 4  (  7.7%)
[  23571.62 ..   23839.81 ]                                        0  (  0.0%)
[  23839.81 ..    24108 ] ██████████▋                            2  (  3.8%)
                                                      0%  100%
```

_sparkline computed from time-ordered samples_

### audio_rms

| count | min | max | mean | p50 | p90 | p95 | p99 | p999 |
|---|---|---|---|---|---|---|---|---|
| 52 | 1825 | 9680 | 6207.5 | 6250 | 8569 | 9112 | 9680 | 9680 |

```
[    1825 ..    2315.94 ] █████████▏                             2  (  3.8%)
[   2315.94 ..    2806.88 ] █████████▏                             2  (  3.8%)
[   2806.88 ..    3297.81 ]                                        0  (  0.0%)
[   3297.81 ..    3788.75 ] █████████▏                             2  (  3.8%)
[   3788.75 ..    4279.69 ] █████████████▊                         3  (  5.8%)
[   4279.69 ..    4770.62 ] █████████████▊                         3  (  5.8%)
[   4770.62 ..    5261.56 ] ███████████████████████████▍           6  ( 11.5%)
[   5261.56 ..    5752.50 ] ██████████████████▎                    4  (  7.7%)
[   5752.50 ..    6243.44 ] █████████████▊                         3  (  5.8%)
[   6243.44 ..    6734.38 ] ███████████████████████████▍           6  ( 11.5%)
[   6734.38 ..    7225.31 ] ██████████████████▎                    4  (  7.7%)
[   7225.31 ..    7716.25 ]                                        0  (  0.0%)
[   7716.25 ..    8207.19 ] ███████████████████████████▍           6  ( 11.5%)
[   8207.19 ..    8698.12 ] ████████████████████████████████       7  ( 13.5%)
[   8698.12 ..    9189.06 ] █████████▏                             2  (  3.8%)
[   9189.06 ..     9680 ] █████████▏                             2  (  3.8%)
                                                      0%  100%
```

_sparkline computed from time-ordered samples_

### audio_rms_x1000

| count | min | max | mean | p50 | p90 | p95 | p99 | p999 |
|---|---|---|---|---|---|---|---|---|
| 52 | 182 | 968 | 620.3 | 625 | 856 | 911 | 968 | 968 |

```
[     182 ..     231.12 ] █████████▏                             2  (  3.8%)
[    231.12 ..     280.25 ] █████████▏                             2  (  3.8%)
[    280.25 ..     329.38 ]                                        0  (  0.0%)
[    329.38 ..     378.50 ] █████████▏                             2  (  3.8%)
[    378.50 ..     427.62 ] █████████████▊                         3  (  5.8%)
[    427.62 ..     476.75 ] █████████████▊                         3  (  5.8%)
[    476.75 ..     525.88 ] ███████████████████████████▍           6  ( 11.5%)
[    525.88 ..      575 ] ██████████████████▎                    4  (  7.7%)
[     575 ..     624.12 ] █████████████▊                         3  (  5.8%)
[    624.12 ..     673.25 ] ███████████████████████████▍           6  ( 11.5%)
[    673.25 ..     722.38 ] ██████████████████▎                    4  (  7.7%)
[    722.38 ..     771.50 ]                                        0  (  0.0%)
[    771.50 ..     820.62 ] ███████████████████████████▍           6  ( 11.5%)
[    820.62 ..     869.75 ] ████████████████████████████████       7  ( 13.5%)
[    869.75 ..     918.88 ] █████████▏                             2  (  3.8%)
[    918.88 ..      968 ] █████████▏                             2  (  3.8%)
                                                      0%  100%
```

_sparkline computed from time-ordered samples_

### audio_silence_scale

| count | min | max | mean | p50 | p90 | p95 | p99 | p999 |
|---|---|---|---|---|---|---|---|---|
| 52 | 81 | 344 | 176.4 | 148 | 290 | 316 | 344 | 344 |

```
[      81 ..      97.44 ] ████████████████████                   5  (  9.6%)
[     97.44 ..     113.88 ] ████████████████████████████           7  ( 13.5%)
[    113.88 ..     130.31 ] ████████████████████████████████       8  ( 15.4%)
[    130.31 ..     146.75 ] ████████████████████                   5  (  9.6%)
[    146.75 ..     163.19 ] ████████████████                       4  (  7.7%)
[    163.19 ..     179.62 ] ████████                               2  (  3.8%)
[    179.62 ..     196.06 ] ████████████                           3  (  5.8%)
[    196.06 ..     212.50 ] ████████                               2  (  3.8%)
[    212.50 ..     228.94 ] ████████████                           3  (  5.8%)
[    228.94 ..     245.38 ] ████████                               2  (  3.8%)
[    245.38 ..     261.81 ] ████████                               2  (  3.8%)
[    261.81 ..     278.25 ] ████████                               2  (  3.8%)
[    278.25 ..     294.69 ] ████████                               2  (  3.8%)
[    294.69 ..     311.12 ] ████                                   1  (  1.9%)
[    311.12 ..     327.56 ] ████████                               2  (  3.8%)
[    327.56 ..      344 ] ████████                               2  (  3.8%)
                                                      0%  100%
```

_sparkline computed from time-ordered samples_

### audio_snapshot_age_us

| count | min | max | mean | p50 | p90 | p95 | p99 | p999 |
|---|---|---|---|---|---|---|---|---|
| 130 | 0 | 18064 | 7341.0 | 8845 | 17827 | 17943 | 17984 | 18064 |

```
[       0 ..     1129 ] ████████████████████████████████      51  ( 39.2%)
[    1129 ..     2258 ]                                        0  (  0.0%)
[    2258 ..     3387 ]                                        0  (  0.0%)
[    3387 ..     4516 ]                                        0  (  0.0%)
[    4516 ..     5645 ]                                        0  (  0.0%)
[    5645 ..     6774 ]                                        0  (  0.0%)
[    6774 ..     7903 ]                                        0  (  0.0%)
[    7903 ..     9032 ] ████████████████████████████▉         46  ( 35.4%)
[    9032 ..    10161 ] ███▏                                   5  (  3.8%)
[   10161 ..    11290 ]                                        0  (  0.0%)
[   11290 ..    12419 ]                                        0  (  0.0%)
[   12419 ..    13548 ]                                        0  (  0.0%)
[   13548 ..    14677 ]                                        0  (  0.0%)
[   14677 ..    15806 ]                                        0  (  0.0%)
[   15806 ..    16935 ]                                        0  (  0.0%)
[   16935 ..    18064 ] █████████████████▋                    28  ( 21.5%)
                                                      0%  100%
```

_sparkline computed from time-ordered samples_

### audio_snapshot_copy_us

| count | min | max | mean | p50 | p90 | p95 | p99 | p999 |
|---|---|---|---|---|---|---|---|---|
| 130 | 81 | 432 | 250.3 | 253 | 335 | 350 | 394 | 432 |

```
[      81 ..     102.94 ] ████▍                                  3  (  2.3%)
[    102.94 ..     124.88 ] █▌                                     1  (  0.8%)
[    124.88 ..     146.81 ] ██████████▏                            7  (  5.4%)
[    146.81 ..     168.75 ] █████████████▏                         9  (  6.9%)
[    168.75 ..     190.69 ] ███████▎                               5  (  3.8%)
[    190.69 ..     212.62 ] ██████████▏                            7  (  5.4%)
[    212.62 ..     234.56 ] ████████████████████▍                 14  ( 10.8%)
[    234.56 ..     256.50 ] ████████████████████████████████      22  ( 16.9%)
[    256.50 ..     278.44 ] ███████████████████████▎              16  ( 12.3%)
[    278.44 ..     300.38 ] ██████████████████████████▏           18  ( 13.8%)
[    300.38 ..     322.31 ] ███████████▋                           8  (  6.2%)
[    322.31 ..     344.25 ] ██████████████▌                       10  (  7.7%)
[    344.25 ..     366.19 ] ████████▊                              6  (  4.6%)
[    366.19 ..     388.12 ] ██▉                                    2  (  1.5%)
[    388.12 ..     410.06 ] █▌                                     1  (  0.8%)
[    410.06 ..      432 ] █▌                                     1  (  0.8%)
                                                      0%  100%
```

_sparkline computed from time-ordered samples_

### audio_snapshot_hop_seq_lag

| count | min | max | mean | p50 | p90 | p95 | p99 | p999 |
|---|---|---|---|---|---|---|---|---|
| 130 | 0 | 1 | 0.4 | 0 | 1 | 1 | 1 | 1 |

```
[       0 ..       0.06 ] ████████████████████████████████      79  ( 60.8%)
[      0.06 ..       0.12 ]                                        0  (  0.0%)
[      0.12 ..       0.19 ]                                        0  (  0.0%)
[      0.19 ..       0.25 ]                                        0  (  0.0%)
[      0.25 ..       0.31 ]                                        0  (  0.0%)
[      0.31 ..       0.38 ]                                        0  (  0.0%)
[      0.38 ..       0.44 ]                                        0  (  0.0%)
[      0.44 ..       0.50 ]                                        0  (  0.0%)
[      0.50 ..       0.56 ]                                        0  (  0.0%)
[      0.56 ..       0.62 ]                                        0  (  0.0%)
[      0.62 ..       0.69 ]                                        0  (  0.0%)
[      0.69 ..       0.75 ]                                        0  (  0.0%)
[      0.75 ..       0.81 ]                                        0  (  0.0%)
[      0.81 ..       0.88 ]                                        0  (  0.0%)
[      0.88 ..       0.94 ]                                        0  (  0.0%)
[      0.94 ..        1 ] ████████████████████▋                 51  ( 39.2%)
                                                      0%  100%
```

_sparkline computed from time-ordered samples_

### band_ratio_us

| count | min | max | mean | p50 | p90 | p95 | p99 | p999 |
|---|---|---|---|---|---|---|---|---|
| 52 | 46 | 89 | 50.5 | 47 | 58 | 61 | 89 | 89 |

```
[      46 ..      48.69 ] ████████████████████████████████      33  ( 63.5%)
[     48.69 ..      51.38 ] ████▉                                  5  (  9.6%)
[     51.38 ..      54.06 ] ███▉                                   4  (  7.7%)
[     54.06 ..      56.75 ] ███▉                                   4  (  7.7%)
[     56.75 ..      59.44 ] █                                      1  (  1.9%)
[     59.44 ..      62.12 ] ██▉                                    3  (  5.8%)
[     62.12 ..      64.81 ] █                                      1  (  1.9%)
[     64.81 ..      67.50 ]                                        0  (  0.0%)
[     67.50 ..      70.19 ]                                        0  (  0.0%)
[     70.19 ..      72.88 ]                                        0  (  0.0%)
[     72.88 ..      75.56 ]                                        0  (  0.0%)
[     75.56 ..      78.25 ]                                        0  (  0.0%)
[     78.25 ..      80.94 ]                                        0  (  0.0%)
[     80.94 ..      83.62 ]                                        0  (  0.0%)
[     83.62 ..      86.31 ]                                        0  (  0.0%)
[     86.31 ..       89 ] █                                      1  (  1.9%)
                                                      0%  100%
```

_sparkline computed from time-ordered samples_

### br_hihat_energy

| count | min | max | mean | p50 | p90 | p95 | p99 | p999 |
|---|---|---|---|---|---|---|---|---|
| 52 | 84 | 574 | 267.3 | 242 | 449 | 465 | 574 | 574 |

```
[      84 ..     114.62 ] ████████                               2  (  3.8%)
[    114.62 ..     145.25 ] ████████████████████████               6  ( 11.5%)
[    145.25 ..     175.88 ] ████████████████████████████████       8  ( 15.4%)
[    175.88 ..     206.50 ] ████████████████████                   5  (  9.6%)
[    206.50 ..     237.12 ] ████████                               2  (  3.8%)
[    237.12 ..     267.75 ] ████████████████████████               6  ( 11.5%)
[    267.75 ..     298.38 ] ████████████████                       4  (  7.7%)
[    298.38 ..      329 ] ████████████                           3  (  5.8%)
[     329 ..     359.62 ] ████████████████████                   5  (  9.6%)
[    359.62 ..     390.25 ]                                        0  (  0.0%)
[    390.25 ..     420.88 ] ████████                               2  (  3.8%)
[    420.88 ..     451.50 ] ████████████████                       4  (  7.7%)
[    451.50 ..     482.12 ] ████████████████                       4  (  7.7%)
[    482.12 ..     512.75 ]                                        0  (  0.0%)
[    512.75 ..     543.38 ]                                        0  (  0.0%)
[    543.38 ..      574 ] ████                                   1  (  1.9%)
                                                      0%  100%
```

_sparkline computed from time-ordered samples_

### br_kick_energy

| count | min | max | mean | p50 | p90 | p95 | p99 | p999 |
|---|---|---|---|---|---|---|---|---|
| 52 | 39 | 445 | 246.4 | 272 | 415 | 433 | 445 | 445 |

```
[      39 ..      64.38 ] ████████████████████████▉              7  ( 13.5%)
[     64.38 ..      89.75 ] ██████████▋                            3  (  5.8%)
[     89.75 ..     115.12 ] ██████████████▎                        4  (  7.7%)
[    115.12 ..     140.50 ] ███▌                                   1  (  1.9%)
[    140.50 ..     165.88 ] ███████▏                               2  (  3.8%)
[    165.88 ..     191.25 ] ███▌                                   1  (  1.9%)
[    191.25 ..     216.62 ] ███████▏                               2  (  3.8%)
[    216.62 ..      242 ] ███████▏                               2  (  3.8%)
[     242 ..     267.38 ] ███▌                                   1  (  1.9%)
[    267.38 ..     292.75 ] ████████████████████████████████       9  ( 17.3%)
[    292.75 ..     318.12 ] ██████████▋                            3  (  5.8%)
[    318.12 ..     343.50 ] ███▌                                   1  (  1.9%)
[    343.50 ..     368.88 ] ██████████████▎                        4  (  7.7%)
[    368.88 ..     394.25 ] ██████████▋                            3  (  5.8%)
[    394.25 ..     419.62 ] ██████████████▎                        4  (  7.7%)
[    419.62 ..      445 ] █████████████████▊                     5  (  9.6%)
                                                      0%  100%
```

_sparkline computed from time-ordered samples_

### br_raw_rms

| count | min | max | mean | p50 | p90 | p95 | p99 | p999 |
|---|---|---|---|---|---|---|---|---|
| 52 | 1148 | 6652 | 2943.9 | 2924 | 4177 | 4730 | 6652 | 6652 |

```
[    1148 ..     1492 ] ████████████                           3  (  5.8%)
[    1492 ..     1836 ] ████████████████                       4  (  7.7%)
[    1836 ..     2180 ] ████████████████                       4  (  7.7%)
[    2180 ..     2524 ] ████████████████████████               6  ( 11.5%)
[    2524 ..     2868 ] ████████████████████████████████       8  ( 15.4%)
[    2868 ..     3212 ] ████████████████████████████████       8  ( 15.4%)
[    3212 ..     3556 ] ████████████████████████               6  ( 11.5%)
[    3556 ..     3900 ] ████████████████████                   5  (  9.6%)
[    3900 ..     4244 ] ████████████                           3  (  5.8%)
[    4244 ..     4588 ] ████████                               2  (  3.8%)
[    4588 ..     4932 ] ████████                               2  (  3.8%)
[    4932 ..     5276 ]                                        0  (  0.0%)
[    5276 ..     5620 ]                                        0  (  0.0%)
[    5620 ..     5964 ]                                        0  (  0.0%)
[    5964 ..     6308 ]                                        0  (  0.0%)
[    6308 ..     6652 ] ████                                   1  (  1.9%)
                                                      0%  100%
```

_sparkline computed from time-ordered samples_

### br_rms_eligible

| count | min | max | mean | p50 | p90 | p95 | p99 | p999 |
|---|---|---|---|---|---|---|---|---|
| 52 | 0 | 0 | 0.0 | 0 | 0 | 0 | 0 | 0 |

```
[       0 ..        0 ] ████████████████████████████████      52  (100.0%)
                                                      0%  100%
```

_sparkline computed from time-ordered samples_

### br_snare_energy

| count | min | max | mean | p50 | p90 | p95 | p99 | p999 |
|---|---|---|---|---|---|---|---|---|
| 52 | 58 | 981 | 382.8 | 339 | 687 | 941 | 981 | 981 |

```
[      58 ..     115.69 ] ████████████▊                          4  (  7.7%)
[    115.69 ..     173.38 ] ███████████████████▎                   6  ( 11.5%)
[    173.38 ..     231.06 ] ██████▍                                2  (  3.8%)
[    231.06 ..     288.75 ] ███████████████████▎                   6  ( 11.5%)
[    288.75 ..     346.44 ] ████████████████████████████▊          9  ( 17.3%)
[    346.44 ..     404.12 ] ████████████████████████████████      10  ( 19.2%)
[    404.12 ..     461.81 ] ██████▍                                2  (  3.8%)
[    461.81 ..     519.50 ] ███▎                                   1  (  1.9%)
[    519.50 ..     577.19 ] ██████▍                                2  (  3.8%)
[    577.19 ..     634.88 ] ████████████▊                          4  (  7.7%)
[    634.88 ..     692.56 ] ███▎                                   1  (  1.9%)
[    692.56 ..     750.25 ]                                        0  (  0.0%)
[    750.25 ..     807.94 ] ███▎                                   1  (  1.9%)
[    807.94 ..     865.62 ]                                        0  (  0.0%)
[    865.62 ..     923.31 ] ███▎                                   1  (  1.9%)
[    923.31 ..      981 ] █████████▋                             3  (  5.8%)
                                                      0%  100%
```

_sparkline computed from time-ordered samples_

### color_correction_us

| count | min | max | mean | p50 | p90 | p95 | p99 | p999 |
|---|---|---|---|---|---|---|---|---|
| 131 | 353 | 1163 | 561.0 | 506 | 827 | 982 | 1119 | 1163 |

```
[     353 ..     403.62 ] ████▍                                  5  (  3.8%)
[    403.62 ..     454.25 ] ███████████████████                   22  ( 16.8%)
[    454.25 ..     504.88 ] ████████████████████████████████      37  ( 28.2%)
[    504.88 ..     555.50 ] ██████████████████████████████▎       35  ( 26.7%)
[    555.50 ..     606.12 ] ███████▊                               9  (  6.9%)
[    606.12 ..     656.75 ]                                        0  (  0.0%)
[    656.75 ..     707.38 ] █▊                                     2  (  1.5%)
[    707.38 ..      758 ] █▊                                     2  (  1.5%)
[     758 ..     808.62 ] ███▌                                   4  (  3.1%)
[    808.62 ..     859.25 ] ████▍                                  5  (  3.8%)
[    859.25 ..     909.88 ]                                        0  (  0.0%)
[    909.88 ..     960.50 ] █▊                                     2  (  1.5%)
[    960.50 ..    1011.12 ] ██▋                                    3  (  2.3%)
[   1011.12 ..    1061.75 ] ▉                                      1  (  0.8%)
[   1061.75 ..    1112.38 ] █▊                                     2  (  1.5%)
[   1112.38 ..     1163 ] █▊                                     2  (  1.5%)
                                                      0%  100%
```

_sparkline computed from time-ordered samples_

### controlbus_publish_copy_us

| count | min | max | mean | p50 | p90 | p95 | p99 | p999 |
|---|---|---|---|---|---|---|---|---|
| 52 | 70 | 271 | 120.4 | 99 | 185 | 224 | 271 | 271 |

```
[      70 ..      82.56 ] ███████████████████▊                   8  ( 15.4%)
[     82.56 ..      95.12 ] ████████████████████████████████      13  ( 25.0%)
[     95.12 ..     107.69 ] ███████████████████████████▏          11  ( 21.2%)
[    107.69 ..     120.25 ]                                        0  (  0.0%)
[    120.25 ..     132.81 ] ████▉                                  2  (  3.8%)
[    132.81 ..     145.38 ] ███████▍                               3  (  5.8%)
[    145.38 ..     157.94 ] ████████████▎                          5  (  9.6%)
[    157.94 ..     170.50 ] ███████▍                               3  (  5.8%)
[    170.50 ..     183.06 ] ██▌                                    1  (  1.9%)
[    183.06 ..     195.62 ] ███████▍                               3  (  5.8%)
[    195.62 ..     208.19 ]                                        0  (  0.0%)
[    208.19 ..     220.75 ]                                        0  (  0.0%)
[    220.75 ..     233.31 ] ████▉                                  2  (  3.8%)
[    233.31 ..     245.88 ]                                        0  (  0.0%)
[    245.88 ..     258.44 ]                                        0  (  0.0%)
[    258.44 ..      271 ] ██▌                                    1  (  1.9%)
                                                      0%  100%
```

_sparkline computed from time-ordered samples_

### effect_id_active

| count | min | max | mean | p50 | p90 | p95 | p99 | p999 |
|---|---|---|---|---|---|---|---|---|
| 130 | 8448 | 8448 | 8448.0 | 8448 | 8448 | 8448 | 8448 | 8448 |

```
[    8448 ..     8448 ] ████████████████████████████████     130  (100.0%)
                                                      0%  100%
```

_sparkline computed from time-ordered samples_

### fps

| count | min | max | mean | p50 | p90 | p95 | p99 | p999 |
|---|---|---|---|---|---|---|---|---|
| 1 | 119 | 119 | 119.0 | 119 | 119 | 119 | 119 | 119 |

```
[     119 ..      119 ] ████████████████████████████████       1  (100.0%)
                                                      0%  100%
```

_sparkline computed from time-ordered samples_

### heap_free_internal_kb

| count | min | max | mean | p50 | p90 | p95 | p99 | p999 |
|---|---|---|---|---|---|---|---|---|
| 1 | 17 | 17 | 17.0 | 17 | 17 | 17 | 17 | 17 |

```
[      17 ..       17 ] ████████████████████████████████       1  (100.0%)
                                                      0%  100%
```

_sparkline computed from time-ordered samples_

### heap_free_psram_kb

| count | min | max | mean | p50 | p90 | p95 | p99 | p999 |
|---|---|---|---|---|---|---|---|---|
| 1 | 7812 | 7812 | 7812.0 | 7812 | 7812 | 7812 | 7812 | 7812 |

```
[    7812 ..     7812 ] ████████████████████████████████       1  (100.0%)
                                                      0%  100%
```

_sparkline computed from time-ordered samples_

### heap_largest_internal_kb

| count | min | max | mean | p50 | p90 | p95 | p99 | p999 |
|---|---|---|---|---|---|---|---|---|
| 1 | 7 | 7 | 7.0 | 7 | 7 | 7 | 7 | 7 |

```
[       7 ..        7 ] ████████████████████████████████       1  (100.0%)
                                                      0%  100%
```

_sparkline computed from time-ordered samples_

### heap_largest_psram_kb

| count | min | max | mean | p50 | p90 | p95 | p99 | p999 |
|---|---|---|---|---|---|---|---|---|
| 1 | 7807 | 7807 | 7807.0 | 7807 | 7807 | 7807 | 7807 | 7807 |

```
[    7807 ..     7807 ] ████████████████████████████████       1  (100.0%)
                                                      0%  100%
```

_sparkline computed from time-ordered samples_

### led_show_avg_us

| count | min | max | mean | p50 | p90 | p95 | p99 | p999 |
|---|---|---|---|---|---|---|---|---|
| 1 | 564 | 564 | 564.0 | 564 | 564 | 564 | 564 | 564 |

```
[     564 ..      564 ] ████████████████████████████████       1  (100.0%)
                                                      0%  100%
```

_sparkline computed from time-ordered samples_

### led_show_failures_total

| count | min | max | mean | p50 | p90 | p95 | p99 | p999 |
|---|---|---|---|---|---|---|---|---|
| 1 | 0 | 0 | 0.0 | 0 | 0 | 0 | 0 | 0 |

```
[       0 ..        0 ] ████████████████████████████████       1  (100.0%)
                                                      0%  100%
```

_sparkline computed from time-ordered samples_

### led_show_max_us

| count | min | max | mean | p50 | p90 | p95 | p99 | p999 |
|---|---|---|---|---|---|---|---|---|
| 1 | 2091 | 2091 | 2091.0 | 2091 | 2091 | 2091 | 2091 | 2091 |

```
[    2091 ..     2091 ] ████████████████████████████████       1  (100.0%)
                                                      0%  100%
```

_sparkline computed from time-ordered samples_

### led_show_skips_total

| count | min | max | mean | p50 | p90 | p95 | p99 | p999 |
|---|---|---|---|---|---|---|---|---|
| 1 | 0 | 0 | 0.0 | 0 | 0 | 0 | 0 | 0 |

```
[       0 ..        0 ] ████████████████████████████████       1  (100.0%)
                                                      0%  100%
```

_sparkline computed from time-ordered samples_

### onset_activity

| count | min | max | mean | p50 | p90 | p95 | p99 | p999 |
|---|---|---|---|---|---|---|---|---|
| 52 | 0 | 282 | 5.4 | 0 | 0 | 0 | 282 | 282 |

```
[       0 ..      17.62 ] ████████████████████████████████      51  ( 98.1%)
[     17.62 ..      35.25 ]                                        0  (  0.0%)
[     35.25 ..      52.88 ]                                        0  (  0.0%)
[     52.88 ..      70.50 ]                                        0  (  0.0%)
[     70.50 ..      88.12 ]                                        0  (  0.0%)
[     88.12 ..     105.75 ]                                        0  (  0.0%)
[    105.75 ..     123.38 ]                                        0  (  0.0%)
[    123.38 ..      141 ]                                        0  (  0.0%)
[     141 ..     158.62 ]                                        0  (  0.0%)
[    158.62 ..     176.25 ]                                        0  (  0.0%)
[    176.25 ..     193.88 ]                                        0  (  0.0%)
[    193.88 ..     211.50 ]                                        0  (  0.0%)
[    211.50 ..     229.12 ]                                        0  (  0.0%)
[    229.12 ..     246.75 ]                                        0  (  0.0%)
[    246.75 ..     264.38 ]                                        0  (  0.0%)
[    264.38 ..      282 ] ▋                                      1  (  1.9%)
                                                      0%  100%
```

_sparkline computed from time-ordered samples_

### onset_bass_flux

| count | min | max | mean | p50 | p90 | p95 | p99 | p999 |
|---|---|---|---|---|---|---|---|---|
| 52 | 0 | 4773 | 1249.9 | 1219 | 2712 | 4034 | 4773 | 4773 |

```
[       0 ..     298.31 ] ████████████████████████████████      18  ( 34.6%)
[    298.31 ..     596.62 ]                                        0  (  0.0%)
[    596.62 ..     894.94 ] █████▍                                 3  (  5.8%)
[    894.94 ..    1193.25 ] ███████▏                               4  (  7.7%)
[   1193.25 ..    1491.56 ] ████████████▌                          7  ( 13.5%)
[   1491.56 ..    1789.88 ] ████████▉                              5  (  9.6%)
[   1789.88 ..    2088.19 ] ██████████▋                            6  ( 11.5%)
[   2088.19 ..    2386.50 ] █▊                                     1  (  1.9%)
[   2386.50 ..    2684.81 ] █▊                                     1  (  1.9%)
[   2684.81 ..    2983.12 ] █████▍                                 3  (  5.8%)
[   2983.12 ..    3281.44 ]                                        0  (  0.0%)
[   3281.44 ..    3579.75 ] █▊                                     1  (  1.9%)
[   3579.75 ..    3878.06 ]                                        0  (  0.0%)
[   3878.06 ..    4176.38 ] ███▌                                   2  (  3.8%)
[   4176.38 ..    4474.69 ]                                        0  (  0.0%)
[   4474.69 ..     4773 ] █▊                                     1  (  1.9%)
                                                      0%  100%
```

_sparkline computed from time-ordered samples_

### onset_decision_us

| count | min | max | mean | p50 | p90 | p95 | p99 | p999 |
|---|---|---|---|---|---|---|---|---|
| 52 | 0 | 1130 | 650.3 | 822 | 1087 | 1105 | 1130 | 1130 |

```
[       0 ..      70.62 ] ███████████████████████████▊          13  ( 25.0%)
[     70.62 ..     141.25 ] ████▎                                  2  (  3.8%)
[    141.25 ..     211.88 ] ██▏                                    1  (  1.9%)
[    211.88 ..     282.50 ]                                        0  (  0.0%)
[    282.50 ..     353.12 ]                                        0  (  0.0%)
[    353.12 ..     423.75 ]                                        0  (  0.0%)
[    423.75 ..     494.38 ]                                        0  (  0.0%)
[    494.38 ..      565 ]                                        0  (  0.0%)
[     565 ..     635.62 ]                                        0  (  0.0%)
[    635.62 ..     706.25 ]                                        0  (  0.0%)
[    706.25 ..     776.88 ]                                        0  (  0.0%)
[    776.88 ..     847.50 ] ████████████████████████████████      15  ( 28.8%)
[    847.50 ..     918.12 ] ██████████▋                            5  (  9.6%)
[    918.12 ..     988.75 ] ████████▌                              4  (  7.7%)
[    988.75 ..    1059.38 ] ████████▌                              4  (  7.7%)
[   1059.38 ..     1130 ] █████████████████▏                     8  ( 15.4%)
                                                      0%  100%
```

_sparkline computed from time-ordered samples_

### onset_env

| count | min | max | mean | p50 | p90 | p95 | p99 | p999 |
|---|---|---|---|---|---|---|---|---|
| 52 | 0 | 31760 | 2951.9 | 0 | 19201 | 23298 | 31760 | 31760 |

```
[       0 ..     1985 ] ████████████████████████████████      45  ( 86.5%)
[    1985 ..     3970 ]                                        0  (  0.0%)
[    3970 ..     5955 ]                                        0  (  0.0%)
[    5955 ..     7940 ] ▊                                      1  (  1.9%)
[    7940 ..     9925 ]                                        0  (  0.0%)
[    9925 ..    11910 ]                                        0  (  0.0%)
[   11910 ..    13895 ]                                        0  (  0.0%)
[   13895 ..    15880 ]                                        0  (  0.0%)
[   15880 ..    17865 ]                                        0  (  0.0%)
[   17865 ..    19850 ] █▍                                     2  (  3.8%)
[   19850 ..    21835 ] ▊                                      1  (  1.9%)
[   21835 ..    23820 ] ▊                                      1  (  1.9%)
[   23820 ..    25805 ]                                        0  (  0.0%)
[   25805 ..    27790 ]                                        0  (  0.0%)
[   27790 ..    29775 ] ▊                                      1  (  1.9%)
[   29775 ..    31760 ] ▊                                      1  (  1.9%)
                                                      0%  100%
```

_sparkline computed from time-ordered samples_

### onset_event_strength

| count | min | max | mean | p50 | p90 | p95 | p99 | p999 |
|---|---|---|---|---|---|---|---|---|
| 52 | 0 | 21377 | 411.1 | 0 | 0 | 0 | 21377 | 21377 |

```
[       0 ..    1336.06 ] ████████████████████████████████      51  ( 98.1%)
[   1336.06 ..    2672.12 ]                                        0  (  0.0%)
[   2672.12 ..    4008.19 ]                                        0  (  0.0%)
[   4008.19 ..    5344.25 ]                                        0  (  0.0%)
[   5344.25 ..    6680.31 ]                                        0  (  0.0%)
[   6680.31 ..    8016.38 ]                                        0  (  0.0%)
[   8016.38 ..    9352.44 ]                                        0  (  0.0%)
[   9352.44 ..   10688.50 ]                                        0  (  0.0%)
[  10688.50 ..   12024.56 ]                                        0  (  0.0%)
[  12024.56 ..   13360.62 ]                                        0  (  0.0%)
[  13360.62 ..   14696.69 ]                                        0  (  0.0%)
[  14696.69 ..   16032.75 ]                                        0  (  0.0%)
[  16032.75 ..   17368.81 ]                                        0  (  0.0%)
[  17368.81 ..   18704.88 ]                                        0  (  0.0%)
[  18704.88 ..   20040.94 ]                                        0  (  0.0%)
[  20040.94 ..    21377 ] ▋                                      1  (  1.9%)
                                                      0%  100%
```

_sparkline computed from time-ordered samples_

### onset_fft_frontend_us

| count | min | max | mean | p50 | p90 | p95 | p99 | p999 |
|---|---|---|---|---|---|---|---|---|
| 52 | 0 | 1244 | 773.5 | 837 | 1203 | 1237 | 1244 | 1244 |

```
[       0 ..      77.75 ] ████████████████████████▋             10  ( 19.2%)
[     77.75 ..     155.50 ]                                        0  (  0.0%)
[    155.50 ..     233.25 ]                                        0  (  0.0%)
[    233.25 ..      311 ]                                        0  (  0.0%)
[     311 ..     388.75 ]                                        0  (  0.0%)
[    388.75 ..     466.50 ]                                        0  (  0.0%)
[    466.50 ..     544.25 ]                                        0  (  0.0%)
[    544.25 ..      622 ]                                        0  (  0.0%)
[     622 ..     699.75 ]                                        0  (  0.0%)
[    699.75 ..     777.50 ] █████████▉                             4  (  7.7%)
[    777.50 ..     855.25 ] ████████████████████████████████      13  ( 25.0%)
[    855.25 ..      933 ] ████████████▎                          5  (  9.6%)
[     933 ..    1010.75 ] ██████████████▊                        6  ( 11.5%)
[   1010.75 ..    1088.50 ] ████▉                                  2  (  3.8%)
[   1088.50 ..    1166.25 ] ███████▍                               3  (  5.8%)
[   1166.25 ..     1244 ] ██████████████████████▏                9  ( 17.3%)
                                                      0%  100%
```

_sparkline computed from time-ordered samples_

### onset_flux

| count | min | max | mean | p50 | p90 | p95 | p99 | p999 |
|---|---|---|---|---|---|---|---|---|
| 52 | 0 | 93152 | 27885.2 | 21202 | 66437 | 80594 | 93152 | 93152 |

```
[       0 ..     5822 ] ████████████████████████████████      16  ( 30.8%)
[    5822 ..    11644 ] ████                                   2  (  3.8%)
[   11644 ..    17466 ] ██████                                 3  (  5.8%)
[   17466 ..    23288 ] ████████████                           6  ( 11.5%)
[   23288 ..    29110 ] ████████████                           6  ( 11.5%)
[   29110 ..    34932 ] ████                                   2  (  3.8%)
[   34932 ..    40754 ] ██████                                 3  (  5.8%)
[   40754 ..    46576 ]                                        0  (  0.0%)
[   46576 ..    52398 ] ██                                     1  (  1.9%)
[   52398 ..    58220 ] ████████                               4  (  7.7%)
[   58220 ..    64042 ] ██████                                 3  (  5.8%)
[   64042 ..    69864 ] ██                                     1  (  1.9%)
[   69864 ..    75686 ] ██                                     1  (  1.9%)
[   75686 ..    81508 ] ████                                   2  (  3.8%)
[   81508 ..    87330 ] ██                                     1  (  1.9%)
[   87330 ..    93152 ] ██                                     1  (  1.9%)
                                                      0%  100%
```

_sparkline computed from time-ordered samples_

### onset_flux_us

| count | min | max | mean | p50 | p90 | p95 | p99 | p999 |
|---|---|---|---|---|---|---|---|---|
| 52 | 0 | 1041 | 587.4 | 756 | 989 | 1010 | 1041 | 1041 |

```
[       0 ..      65.06 ] ████████████████████████████████      16  ( 30.8%)
[     65.06 ..     130.12 ]                                        0  (  0.0%)
[    130.12 ..     195.19 ]                                        0  (  0.0%)
[    195.19 ..     260.25 ]                                        0  (  0.0%)
[    260.25 ..     325.31 ]                                        0  (  0.0%)
[    325.31 ..     390.38 ]                                        0  (  0.0%)
[    390.38 ..     455.44 ]                                        0  (  0.0%)
[    455.44 ..     520.50 ]                                        0  (  0.0%)
[    520.50 ..     585.56 ]                                        0  (  0.0%)
[    585.56 ..     650.62 ]                                        0  (  0.0%)
[    650.62 ..     715.69 ]                                        0  (  0.0%)
[    715.69 ..     780.75 ] ██████████████████████████████        15  ( 28.8%)
[    780.75 ..     845.81 ] ██████████████                         7  ( 13.5%)
[    845.81 ..     910.88 ] ████                                   2  (  3.8%)
[    910.88 ..     975.94 ] ██████████                             5  (  9.6%)
[    975.94 ..     1041 ] ██████████████                         7  ( 13.5%)
                                                      0%  100%
```

_sparkline computed from time-ordered samples_

### onset_gate_flags

| count | min | max | mean | p50 | p90 | p95 | p99 | p999 |
|---|---|---|---|---|---|---|---|---|
| 52 | 0 | 4 | 2.0 | 2 | 4 | 4 | 4 | 4 |

```
[       0 ..       0.25 ] ▉                                      1  (  1.9%)
[      0.25 ..       0.50 ]                                        0  (  0.0%)
[      0.50 ..       0.75 ]                                        0  (  0.0%)
[      0.75 ..        1 ]                                        0  (  0.0%)
[       1 ..       1.25 ] █████████▏                            10  ( 19.2%)
[      1.25 ..       1.50 ]                                        0  (  0.0%)
[      1.50 ..       1.75 ]                                        0  (  0.0%)
[      1.75 ..        2 ]                                        0  (  0.0%)
[       2 ..       2.25 ] ████████████████████████████████      35  ( 67.3%)
[      2.25 ..       2.50 ]                                        0  (  0.0%)
[      2.50 ..       2.75 ]                                        0  (  0.0%)
[      2.75 ..        3 ]                                        0  (  0.0%)
[       3 ..       3.25 ]                                        0  (  0.0%)
[      3.25 ..       3.50 ]                                        0  (  0.0%)
[      3.50 ..       3.75 ]                                        0  (  0.0%)
[      3.75 ..        4 ] █████▌                                 6  ( 11.5%)
                                                      0%  100%
```

_sparkline computed from time-ordered samples_

### onset_high_flux

| count | min | max | mean | p50 | p90 | p95 | p99 | p999 |
|---|---|---|---|---|---|---|---|---|
| 52 | 0 | 114593 | 39167.9 | 43868 | 80066 | 86959 | 114593 | 114593 |

```
[       0 ..    7162.06 ] ████████████████████████████████      16  ( 30.8%)
[   7162.06 ..   14324.12 ]                                        0  (  0.0%)
[  14324.12 ..   21486.19 ] ████                                   2  (  3.8%)
[  21486.19 ..   28648.25 ] ████                                   2  (  3.8%)
[  28648.25 ..   35810.31 ] ████                                   2  (  3.8%)
[  35810.31 ..   42972.38 ] ██████                                 3  (  5.8%)
[  42972.38 ..   50134.44 ] ████                                   2  (  3.8%)
[  50134.44 ..   57296.50 ] ██████████████████                     9  ( 17.3%)
[  57296.50 ..   64458.56 ] ████████████████                       8  ( 15.4%)
[  64458.56 ..   71620.62 ]                                        0  (  0.0%)
[  71620.62 ..   78782.69 ]                                        0  (  0.0%)
[  78782.69 ..   85944.75 ] ██████████                             5  (  9.6%)
[  85944.75 ..   93106.81 ] ████                                   2  (  3.8%)
[  93106.81 ..  100268.88 ]                                        0  (  0.0%)
[ 100268.88 ..  107430.94 ]                                        0  (  0.0%)
[ 107430.94 ..   114593 ] ██                                     1  (  1.9%)
                                                      0%  100%
```

_sparkline computed from time-ordered samples_

### onset_input_rms

| count | min | max | mean | p50 | p90 | p95 | p99 | p999 |
|---|---|---|---|---|---|---|---|---|
| 52 | 1148 | 6652 | 2943.9 | 2924 | 4177 | 4730 | 6652 | 6652 |

```
[    1148 ..     1492 ] ████████████                           3  (  5.8%)
[    1492 ..     1836 ] ████████████████                       4  (  7.7%)
[    1836 ..     2180 ] ████████████████                       4  (  7.7%)
[    2180 ..     2524 ] ████████████████████████               6  ( 11.5%)
[    2524 ..     2868 ] ████████████████████████████████       8  ( 15.4%)
[    2868 ..     3212 ] ████████████████████████████████       8  ( 15.4%)
[    3212 ..     3556 ] ████████████████████████               6  ( 11.5%)
[    3556 ..     3900 ] ████████████████████                   5  (  9.6%)
[    3900 ..     4244 ] ████████████                           3  (  5.8%)
[    4244 ..     4588 ] ████████                               2  (  3.8%)
[    4588 ..     4932 ] ████████                               2  (  3.8%)
[    4932 ..     5276 ]                                        0  (  0.0%)
[    5276 ..     5620 ]                                        0  (  0.0%)
[    5620 ..     5964 ]                                        0  (  0.0%)
[    5964 ..     6308 ]                                        0  (  0.0%)
[    6308 ..     6652 ] ████                                   1  (  1.9%)
                                                      0%  100%
```

_sparkline computed from time-ordered samples_

### onset_mid_flux

| count | min | max | mean | p50 | p90 | p95 | p99 | p999 |
|---|---|---|---|---|---|---|---|---|
| 52 | 0 | 22937 | 5121.6 | 3125 | 12425 | 16480 | 22937 | 22937 |

```
[       0 ..    1433.56 ] ████████████████████████████████      20  ( 38.5%)
[   1433.56 ..    2867.12 ] ███▎                                   2  (  3.8%)
[   2867.12 ..    4300.69 ] ██████████████▍                        9  ( 17.3%)
[   4300.69 ..    5734.25 ] ████▊                                  3  (  5.8%)
[   5734.25 ..    7167.81 ] ███▎                                   2  (  3.8%)
[   7167.81 ..    8601.38 ] ███▎                                   2  (  3.8%)
[   8601.38 ..   10034.94 ] ██████▍                                4  (  7.7%)
[  10034.94 ..   11468.50 ] ███▎                                   2  (  3.8%)
[  11468.50 ..   12902.06 ] ████▊                                  3  (  5.8%)
[  12902.06 ..   14335.62 ] █▋                                     1  (  1.9%)
[  14335.62 ..   15769.19 ]                                        0  (  0.0%)
[  15769.19 ..   17202.75 ] ████▊                                  3  (  5.8%)
[  17202.75 ..   18636.31 ]                                        0  (  0.0%)
[  18636.31 ..   20069.88 ]                                        0  (  0.0%)
[  20069.88 ..   21503.44 ]                                        0  (  0.0%)
[  21503.44 ..    22937 ] █▋                                     1  (  1.9%)
                                                      0%  100%
```

_sparkline computed from time-ordered samples_

### onset_noise_floor

| count | min | max | mean | p50 | p90 | p95 | p99 | p999 |
|---|---|---|---|---|---|---|---|---|
| 52 | 3445 | 3488 | 3468.7 | 3473 | 3475 | 3480 | 3488 | 3488 |

```
[    3445 ..    3447.69 ] █▋                                     1  (  1.9%)
[   3447.69 ..    3450.38 ] ███▍                                   2  (  3.8%)
[   3450.38 ..    3453.06 ] █▋                                     1  (  1.9%)
[   3453.06 ..    3455.75 ]                                        0  (  0.0%)
[   3455.75 ..    3458.44 ]                                        0  (  0.0%)
[   3458.44 ..    3461.12 ] ████████▍                              5  (  9.6%)
[   3461.12 ..    3463.81 ]                                        0  (  0.0%)
[   3463.81 ..    3466.50 ] █████████████▌                         8  ( 15.4%)
[   3466.50 ..    3469.19 ] ██████████▏                            6  ( 11.5%)
[   3469.19 ..    3471.88 ] ███▍                                   2  (  3.8%)
[   3471.88 ..    3474.56 ] ████████████████████████████████      19  ( 36.5%)
[   3474.56 ..    3477.25 ] ████████▍                              5  (  9.6%)
[   3477.25 ..    3479.94 ]                                        0  (  0.0%)
[   3479.94 ..    3482.62 ] ███▍                                   2  (  3.8%)
[   3482.62 ..    3485.31 ]                                        0  (  0.0%)
[   3485.31 ..     3488 ] █▋                                     1  (  1.9%)
                                                      0%  100%
```

_sparkline computed from time-ordered samples_

### onset_process_us

| count | min | max | mean | p50 | p90 | p95 | p99 | p999 |
|---|---|---|---|---|---|---|---|---|
| 52 | 11 | 2356 | 1441.8 | 1700 | 2216 | 2324 | 2356 | 2356 |

```
[      11 ..     157.56 ] ██████████████████████████▋           10  ( 19.2%)
[    157.56 ..     304.12 ]                                        0  (  0.0%)
[    304.12 ..     450.69 ]                                        0  (  0.0%)
[    450.69 ..     597.25 ]                                        0  (  0.0%)
[    597.25 ..     743.81 ]                                        0  (  0.0%)
[    743.81 ..     890.38 ]                                        0  (  0.0%)
[    890.38 ..    1036.94 ]                                        0  (  0.0%)
[   1036.94 ..    1183.50 ] █████▍                                 2  (  3.8%)
[   1183.50 ..    1330.06 ] ████████                               3  (  5.8%)
[   1330.06 ..    1476.62 ] ██▋                                    1  (  1.9%)
[   1476.62 ..    1623.19 ] ██████████▋                            4  (  7.7%)
[   1623.19 ..    1769.75 ] ████████████████████████████████      12  ( 23.1%)
[   1769.75 ..    1916.31 ] ██████████████████▋                    7  ( 13.5%)
[   1916.31 ..    2062.88 ] █████████████▍                         5  (  9.6%)
[   2062.88 ..    2209.44 ] █████▍                                 2  (  3.8%)
[   2209.44 ..     2356 ] ████████████████                       6  ( 11.5%)
                                                      0%  100%
```

_sparkline computed from time-ordered samples_

### render_frame_work_us

| count | min | max | mean | p50 | p90 | p95 | p99 | p999 |
|---|---|---|---|---|---|---|---|---|
| 130 | 2359 | 3954 | 2944.9 | 2907 | 3340 | 3480 | 3750 | 3954 |

```
[    2359 ..    2458.69 ] ████                                   3  (  2.3%)
[   2458.69 ..    2558.38 ] ████████                               6  (  4.6%)
[   2558.38 ..    2658.06 ] ██████████████▋                       11  (  8.5%)
[   2658.06 ..    2757.75 ] ██████████████████▋                   14  ( 10.8%)
[   2757.75 ..    2857.44 ] ████████████████████████████████      24  ( 18.5%)
[   2857.44 ..    2957.12 ] ██████████████████████▋               17  ( 13.1%)
[   2957.12 ..    3056.81 ] ████████████████████████████          21  ( 16.2%)
[   3056.81 ..    3156.50 ] ████████████                           9  (  6.9%)
[   3156.50 ..    3256.19 ] ████                                   3  (  2.3%)
[   3256.19 ..    3355.88 ] █████████████▍                        10  (  7.7%)
[   3355.88 ..    3455.56 ] █████▍                                 4  (  3.1%)
[   3455.56 ..    3555.25 ] ████                                   3  (  2.3%)
[   3555.25 ..    3654.94 ] █▍                                     1  (  0.8%)
[   3654.94 ..    3754.62 ] ████                                   3  (  2.3%)
[   3754.62 ..    3854.31 ]                                        0  (  0.0%)
[   3854.31 ..     3954 ] █▍                                     1  (  0.8%)
                                                      0%  100%
```

_sparkline computed from time-ordered samples_

### rmt_errors_total

| count | min | max | mean | p50 | p90 | p95 | p99 | p999 |
|---|---|---|---|---|---|---|---|---|
| 1 | 0 | 0 | 0.0 | 0 | 0 | 0 | 0 | 0 |

```
[       0 ..        0 ] ████████████████████████████████       1  (100.0%)
                                                      0%  100%
```

_sparkline computed from time-ordered samples_

### rmt_underruns_total

| count | min | max | mean | p50 | p90 | p95 | p99 | p999 |
|---|---|---|---|---|---|---|---|---|
| 1 | 0 | 0 | 0.0 | 0 | 0 | 0 | 0 | 0 |

```
[       0 ..        0 ] ████████████████████████████████       1  (100.0%)
                                                      0%  100%
```

_sparkline computed from time-ordered samples_

### rts_audio_conf

| count | min | max | mean | p50 | p90 | p95 | p99 | p999 |
|---|---|---|---|---|---|---|---|---|
| 131 | 975 | 1000 | 998.4 | 1000 | 1000 | 1000 | 1000 | 1000 |

```
[     975 ..     976.56 ] ▉                                      3  (  2.3%)
[    976.56 ..     978.12 ]                                        0  (  0.0%)
[    978.12 ..     979.69 ]                                        0  (  0.0%)
[    979.69 ..     981.25 ] ▉                                      3  (  2.3%)
[    981.25 ..     982.81 ]                                        0  (  0.0%)
[    982.81 ..     984.38 ]                                        0  (  0.0%)
[    984.38 ..     985.94 ] ▌                                      2  (  1.5%)
[    985.94 ..     987.50 ]                                        0  (  0.0%)
[    987.50 ..     989.06 ]                                        0  (  0.0%)
[    989.06 ..     990.62 ] ▉                                      3  (  2.3%)
[    990.62 ..     992.19 ]                                        0  (  0.0%)
[    992.19 ..     993.75 ]                                        0  (  0.0%)
[    993.75 ..     995.31 ] ▌                                      2  (  1.5%)
[    995.31 ..     996.88 ]                                        0  (  0.0%)
[    996.88 ..     998.44 ]                                        0  (  0.0%)
[    998.44 ..     1000 ] ████████████████████████████████     118  ( 90.1%)
                                                      0%  100%
```

_sparkline computed from time-ordered samples_

### rts_fade_amount

| count | min | max | mean | p50 | p90 | p95 | p99 | p999 |
|---|---|---|---|---|---|---|---|---|
| 131 | 0 | 0 | 0.0 | 0 | 0 | 0 | 0 | 0 |

```
[       0 ..        0 ] ████████████████████████████████     131  (100.0%)
                                                      0%  100%
```

_sparkline computed from time-ordered samples_

### rts_fast_rms

| count | min | max | mean | p50 | p90 | p95 | p99 | p999 |
|---|---|---|---|---|---|---|---|---|
| 131 | 182 | 968 | 621.8 | 633 | 862 | 911 | 968 | 968 |

```
[     182 ..     231.12 ] █████████▍                             5  (  3.8%)
[    231.12 ..     280.25 ] █████████▍                             5  (  3.8%)
[    280.25 ..     329.38 ]                                        0  (  0.0%)
[    329.38 ..     378.50 ] ███████████▎                           6  (  4.6%)
[    378.50 ..     427.62 ] █████████████▏                         7  (  5.3%)
[    427.62 ..     476.75 ] █████████████▏                         7  (  5.3%)
[    476.75 ..     525.88 ] ██████████████████████████▍           14  ( 10.7%)
[    525.88 ..      575 ] ████████████████████▊                 11  (  8.4%)
[     575 ..     624.12 ] ███████████████                        8  (  6.1%)
[    624.12 ..     673.25 ] ████████████████████████▌             13  (  9.9%)
[    673.25 ..     722.38 ] ██████████████████████▋               12  (  9.2%)
[    722.38 ..     771.50 ] ███▊                                   2  (  1.5%)
[    771.50 ..     820.62 ] ████████████████████████▌             13  (  9.9%)
[    820.62 ..     869.75 ] ████████████████████████████████      17  ( 13.0%)
[    869.75 ..     918.88 ] █████████▍                             5  (  3.8%)
[    918.88 ..      968 ] ███████████▎                           6  (  4.6%)
                                                      0%  100%
```

_sparkline computed from time-ordered samples_

### rts_onset_env_pushed

| count | min | max | mean | p50 | p90 | p95 | p99 | p999 |
|---|---|---|---|---|---|---|---|---|
| 131 | 754 | 999 | 958.2 | 977 | 999 | 999 | 999 | 999 |

```
[     754 ..     769.31 ] ▌                                      1  (  0.8%)
[    769.31 ..     784.62 ] ▌                                      1  (  0.8%)
[    784.62 ..     799.94 ] █                                      2  (  1.5%)
[    799.94 ..     815.25 ] ▌                                      1  (  0.8%)
[    815.25 ..     830.56 ] █▋                                     3  (  2.3%)
[    830.56 ..     845.88 ] ▌                                      1  (  0.8%)
[    845.88 ..     861.19 ] █                                      2  (  1.5%)
[    861.19 ..     876.50 ] ▌                                      1  (  0.8%)
[    876.50 ..     891.81 ] █                                      2  (  1.5%)
[    891.81 ..     907.12 ] █▋                                     3  (  2.3%)
[    907.12 ..     922.44 ] ██▏                                    4  (  3.1%)
[    922.44 ..     937.75 ] ███▋                                   7  (  5.3%)
[    937.75 ..     953.06 ] ████████▉                             17  ( 13.0%)
[    953.06 ..     968.38 ] ██████▉                               13  (  9.9%)
[    968.38 ..     983.69 ] ██████▎                               12  (  9.2%)
[    983.69 ..      999 ] ████████████████████████████████      61  ( 46.6%)
                                                      0%  100%
```

_sparkline computed from time-ordered samples_

### rts_onset_flux

| count | min | max | mean | p50 | p90 | p95 | p99 | p999 |
|---|---|---|---|---|---|---|---|---|
| 131 | 0 | 93152 | 29303.0 | 25748 | 66437 | 80594 | 93152 | 93152 |

```
[       0 ..     5822 ] ████████████████████████████████      37  ( 28.2%)
[    5822 ..    11644 ] ████▍                                  5  (  3.8%)
[   11644 ..    17466 ] ██████▉                                8  (  6.1%)
[   17466 ..    23288 ] ███████████▎                          13  (  9.9%)
[   23288 ..    29110 ] █████████████                         15  ( 11.5%)
[   29110 ..    34932 ] ██████                                 7  (  5.3%)
[   34932 ..    40754 ] ███████▊                               9  (  6.9%)
[   40754 ..    46576 ]                                        0  (  0.0%)
[   46576 ..    52398 ] ██▋                                    3  (  2.3%)
[   52398 ..    58220 ] █████████▌                            11  (  8.4%)
[   58220 ..    64042 ] ██████                                 7  (  5.3%)
[   64042 ..    69864 ] ██▋                                    3  (  2.3%)
[   69864 ..    75686 ] █▊                                     2  (  1.5%)
[   75686 ..    81508 ] █████▎                                 6  (  4.6%)
[   81508 ..    87330 ] ██▋                                    3  (  2.3%)
[   87330 ..    93152 ] █▊                                     2  (  1.5%)
                                                      0%  100%
```

_sparkline computed from time-ordered samples_

### rts_push_interval_us

| count | min | max | mean | p50 | p90 | p95 | p99 | p999 |
|---|---|---|---|---|---|---|---|---|
| 131 | 33333 | 33333 | 33333.0 | 33333 | 33333 | 33333 | 33333 | 33333 |

```
[   33333 ..    33333 ] ████████████████████████████████     131  (100.0%)
                                                      0%  100%
```

_sparkline computed from time-ordered samples_

### rts_pushes

| count | min | max | mean | p50 | p90 | p95 | p99 | p999 |
|---|---|---|---|---|---|---|---|---|
| 131 | 0 | 1 | 0.3 | 0 | 1 | 1 | 1 | 1 |

```
[       0 ..       0.06 ] ████████████████████████████████      95  ( 72.5%)
[      0.06 ..       0.12 ]                                        0  (  0.0%)
[      0.12 ..       0.19 ]                                        0  (  0.0%)
[      0.19 ..       0.25 ]                                        0  (  0.0%)
[      0.25 ..       0.31 ]                                        0  (  0.0%)
[      0.31 ..       0.38 ]                                        0  (  0.0%)
[      0.38 ..       0.44 ]                                        0  (  0.0%)
[      0.44 ..       0.50 ]                                        0  (  0.0%)
[      0.50 ..       0.56 ]                                        0  (  0.0%)
[      0.56 ..       0.62 ]                                        0  (  0.0%)
[      0.62 ..       0.69 ]                                        0  (  0.0%)
[      0.69 ..       0.75 ]                                        0  (  0.0%)
[      0.75 ..       0.81 ]                                        0  (  0.0%)
[      0.81 ..       0.88 ]                                        0  (  0.0%)
[      0.88 ..       0.94 ]                                        0  (  0.0%)
[      0.94 ..        1 ] ████████████▏                         36  ( 27.5%)
                                                      0%  100%
```

_sparkline computed from time-ordered samples_

### rts_ring_count

| count | min | max | mean | p50 | p90 | p95 | p99 | p999 |
|---|---|---|---|---|---|---|---|---|
| 131 | 80 | 80 | 80.0 | 80 | 80 | 80 | 80 | 80 |

```
[      80 ..       80 ] ████████████████████████████████     131  (100.0%)
                                                      0%  100%
```

_sparkline computed from time-ordered samples_

### rts_silent_scale

| count | min | max | mean | p50 | p90 | p95 | p99 | p999 |
|---|---|---|---|---|---|---|---|---|
| 131 | 81 | 344 | 177.1 | 152 | 290 | 316 | 344 | 344 |

```
[      81 ..      97.44 ] ███████████████████▊                  13  (  9.9%)
[     97.44 ..     113.88 ] ██████████████████████▉               15  ( 11.5%)
[    113.88 ..     130.31 ] ████████████████████████████████      21  ( 16.0%)
[    130.31 ..     146.75 ] ███████████████████▊                  13  (  9.9%)
[    146.75 ..     163.19 ] ████████████████▊                     11  (  8.4%)
[    163.19 ..     179.62 ] ███████▋                               5  (  3.8%)
[    179.62 ..     196.06 ] ████████████▎                          8  (  6.1%)
[    196.06 ..     212.50 ] ███████▋                               5  (  3.8%)
[    212.50 ..     228.94 ] ██████████▋                            7  (  5.3%)
[    228.94 ..     245.38 ] ██████▏                                4  (  3.1%)
[    245.38 ..     261.81 ] █████████▏                             6  (  4.6%)
[    261.81 ..     278.25 ] ███████▋                               5  (  3.8%)
[    278.25 ..     294.69 ] █████████▏                             6  (  4.6%)
[    294.69 ..     311.12 ] ███                                    2  (  1.5%)
[    311.12 ..     327.56 ] ███████▋                               5  (  3.8%)
[    327.56 ..      344 ] ███████▋                               5  (  3.8%)
                                                      0%  100%
```

_sparkline computed from time-ordered samples_

### snapshot_read_retries_total

| count | min | max | mean | p50 | p90 | p95 | p99 | p999 |
|---|---|---|---|---|---|---|---|---|
| 130 | 114 | 116 | 114.8 | 114 | 116 | 116 | 116 | 116 |

```
[     114 ..     114.12 ] ████████████████████████████████      72  ( 55.4%)
[    114.12 ..     114.25 ]                                        0  (  0.0%)
[    114.25 ..     114.38 ]                                        0  (  0.0%)
[    114.38 ..     114.50 ]                                        0  (  0.0%)
[    114.50 ..     114.62 ]                                        0  (  0.0%)
[    114.62 ..     114.75 ]                                        0  (  0.0%)
[    114.75 ..     114.88 ]                                        0  (  0.0%)
[    114.88 ..      115 ]                                        0  (  0.0%)
[     115 ..     115.12 ] ████▌                                 10  (  7.7%)
[    115.12 ..     115.25 ]                                        0  (  0.0%)
[    115.25 ..     115.38 ]                                        0  (  0.0%)
[    115.38 ..     115.50 ]                                        0  (  0.0%)
[    115.50 ..     115.62 ]                                        0  (  0.0%)
[    115.62 ..     115.75 ]                                        0  (  0.0%)
[    115.75 ..     115.88 ]                                        0  (  0.0%)
[    115.88 ..      116 ] █████████████████████▍                48  ( 36.9%)
                                                      0%  100%
```

_sparkline computed from time-ordered samples_

### spectral_novelty

| count | min | max | mean | p50 | p90 | p95 | p99 | p999 |
|---|---|---|---|---|---|---|---|---|
| 52 | 42 | 539 | 158.6 | 123 | 272 | 407 | 539 | 539 |

```
[      42 ..      73.06 ] ████████████████████████████▊          9  ( 17.3%)
[     73.06 ..     104.12 ] ████████████████████████████▊          9  ( 17.3%)
[    104.12 ..     135.19 ] ████████████████████████████████      10  ( 19.2%)
[    135.19 ..     166.25 ] ███████████████████▎                   6  ( 11.5%)
[    166.25 ..     197.31 ] ████████████████                       5  (  9.6%)
[    197.31 ..     228.38 ] ████████████▊                          4  (  7.7%)
[    228.38 ..     259.44 ] █████████▋                             3  (  5.8%)
[    259.44 ..     290.50 ] ██████▍                                2  (  3.8%)
[    290.50 ..     321.56 ]                                        0  (  0.0%)
[    321.56 ..     352.62 ] ███▎                                   1  (  1.9%)
[    352.62 ..     383.69 ]                                        0  (  0.0%)
[    383.69 ..     414.75 ] ███▎                                   1  (  1.9%)
[    414.75 ..     445.81 ]                                        0  (  0.0%)
[    445.81 ..     476.88 ]                                        0  (  0.0%)
[    476.88 ..     507.94 ]                                        0  (  0.0%)
[    507.94 ..      539 ] ██████▍                                2  (  3.8%)
                                                      0%  100%
```

_sparkline computed from time-ordered samples_

### task_stack_hwm_audio

| count | min | max | mean | p50 | p90 | p95 | p99 | p999 |
|---|---|---|---|---|---|---|---|---|
| 1 | 8764 | 8764 | 8764.0 | 8764 | 8764 | 8764 | 8764 | 8764 |

```
[    8764 ..     8764 ] ████████████████████████████████       1  (100.0%)
                                                      0%  100%
```

_sparkline computed from time-ordered samples_

### task_stack_hwm_loop

| count | min | max | mean | p50 | p90 | p95 | p99 | p999 |
|---|---|---|---|---|---|---|---|---|
| 1 | 2236 | 2236 | 2236.0 | 2236 | 2236 | 2236 | 2236 | 2236 |

```
[    2236 ..     2236 ] ████████████████████████████████       1  (100.0%)
                                                      0%  100%
```

_sparkline computed from time-ordered samples_

### task_stack_hwm_renderer

| count | min | max | mean | p50 | p90 | p95 | p99 | p999 |
|---|---|---|---|---|---|---|---|---|
| 1 | 10480 | 10480 | 10480.0 | 10480 | 10480 | 10480 | 10480 | 10480 |

```
[   10480 ..    10480 ] ████████████████████████████████       1  (100.0%)
                                                      0%  100%
```

_sparkline computed from time-ordered samples_

### task_stack_hwm_show_director

| count | min | max | mean | p50 | p90 | p95 | p99 | p999 |
|---|---|---|---|---|---|---|---|---|
| 1 | 10544 | 10544 | 10544.0 | 10544 | 10544 | 10544 | 10544 | 10544 |

```
[   10544 ..    10544 ] ████████████████████████████████       1  (100.0%)
                                                      0%  100%
```

_sparkline computed from time-ordered samples_

### temp_celsius_x10

| count | min | max | mean | p50 | p90 | p95 | p99 | p999 |
|---|---|---|---|---|---|---|---|---|
| 1 | 737 | 737 | 737.0 | 737 | 737 | 737 | 737 | 737 |

```
[     737 ..      737 ] ████████████████████████████████       1  (100.0%)
                                                      0%  100%
```

_sparkline computed from time-ordered samples_

### trace_mode_enabled

| count | min | max | mean | p50 | p90 | p95 | p99 | p999 |
|---|---|---|---|---|---|---|---|---|
| 1 | 1 | 1 | 1.0 | 1 | 1 | 1 | 1 | 1 |

```
[       1 ..        1 ] ████████████████████████████████       1  (100.0%)
                                                      0%  100%
```

_sparkline computed from time-ordered samples_

### wifi_ap_mode

| count | min | max | mean | p50 | p90 | p95 | p99 | p999 |
|---|---|---|---|---|---|---|---|---|
| 1 | 1 | 1 | 1.0 | 1 | 1 | 1 | 1 | 1 |

```
[       1 ..        1 ] ████████████████████████████████       1  (100.0%)
                                                      0%  100%
```

_sparkline computed from time-ordered samples_

### wifi_clients

| count | min | max | mean | p50 | p90 | p95 | p99 | p999 |
|---|---|---|---|---|---|---|---|---|
| 1 | 0 | 0 | 0.0 | 0 | 0 | 0 | 0 | 0 |

```
[       0 ..        0 ] ████████████████████████████████       1  (100.0%)
                                                      0%  100%
```

_sparkline computed from time-ordered samples_

### ws_client_count

| count | min | max | mean | p50 | p90 | p95 | p99 | p999 |
|---|---|---|---|---|---|---|---|---|
| 1 | 0 | 0 | 0.0 | 0 | 0 | 0 | 0 | 0 |

```
[       0 ..        0 ] ████████████████████████████████       1  (100.0%)
                                                      0%  100%
```

_sparkline computed from time-ordered samples_

### ws_clients

| count | min | max | mean | p50 | p90 | p95 | p99 | p999 |
|---|---|---|---|---|---|---|---|---|
| 1 | 0 | 0 | 0.0 | 0 | 0 | 0 | 0 | 0 |

```
[       0 ..        0 ] ████████████████████████████████       1  (100.0%)
                                                      0%  100%
```

_sparkline computed from time-ordered samples_

### ws_dispatch_count

| count | min | max | mean | p50 | p90 | p95 | p99 | p999 |
|---|---|---|---|---|---|---|---|---|
| 1 | 0 | 0 | 0.0 | 0 | 0 | 0 | 0 | 0 |

```
[       0 ..        0 ] ████████████████████████████████       1  (100.0%)
                                                      0%  100%
```

_sparkline computed from time-ordered samples_

### ws_errors

| count | min | max | mean | p50 | p90 | p95 | p99 | p999 |
|---|---|---|---|---|---|---|---|---|
| 1 | 0 | 0 | 0.0 | 0 | 0 | 0 | 0 | 0 |

```
[       0 ..        0 ] ████████████████████████████████       1  (100.0%)
                                                      0%  100%
```

_sparkline computed from time-ordered samples_

## Per-span duration statistics

### audio_snapshot_read

| count | min | max | mean | p50 | p90 | p95 | p99 | p999 |
|---|---|---|---|---|---|---|---|---|
| 131 | 272 | 806 | 556.6 | 560 | 659 | 731 | 774 | 806 |

```
[     272 ..     305.38 µs] █▌                                     1  (  0.8%)
[    305.38 ..     338.75 µs]                                        0  (  0.0%)
[    338.75 ..     372.12 µs] █▌                                     1  (  0.8%)
[    372.12 ..     405.50 µs] █████████▏                             6  (  4.6%)
[    405.50 ..     438.88 µs] ███████████████▎                      10  (  7.6%)
[    438.88 ..     472.25 µs] ██████████▋                            7  (  5.3%)
[    472.25 ..     505.62 µs] ████████████▎                          8  (  6.1%)
[    505.62 ..      539 µs] ████████████████████████████████      21  ( 16.0%)
[     539 ..     572.38 µs] █████████████████████████████         19  ( 14.5%)
[    572.38 ..     605.75 µs] ███████████████████████████▍          18  ( 13.7%)
[    605.75 ..     639.12 µs] ████████████████████████████████      21  ( 16.0%)
[    639.12 ..     672.50 µs] ██████████▋                            7  (  5.3%)
[    672.50 ..     705.88 µs] ████▋                                  3  (  2.3%)
[    705.88 ..     739.25 µs] ████▋                                  3  (  2.3%)
[    739.25 ..     772.62 µs] ██████▏                                4  (  3.1%)
[    772.62 ..      806 µs] ███                                    2  (  1.5%)
                                                      0%  100%
```

### band_ratio_detect

| count | min | max | mean | p50 | p90 | p95 | p99 | p999 |
|---|---|---|---|---|---|---|---|---|
| 52 | 53 | 98 | 57.9 | 55 | 65 | 70 | 98 | 98 |

```
[      53 ..      55.81 µs] ████████████████████████████████      33  ( 63.5%)
[     55.81 ..      58.62 µs] ████▉                                  5  (  9.6%)
[     58.62 ..      61.44 µs] ██                                     2  (  3.8%)
[     61.44 ..      64.25 µs] █████▉                                 6  ( 11.5%)
[     64.25 ..      67.06 µs] █                                      1  (  1.9%)
[     67.06 ..      69.88 µs] █                                      1  (  1.9%)
[     69.88 ..      72.69 µs] ██▉                                    3  (  5.8%)
[     72.69 ..      75.50 µs]                                        0  (  0.0%)
[     75.50 ..      78.31 µs]                                        0  (  0.0%)
[     78.31 ..      81.12 µs]                                        0  (  0.0%)
[     81.12 ..      83.94 µs]                                        0  (  0.0%)
[     83.94 ..      86.75 µs]                                        0  (  0.0%)
[     86.75 ..      89.56 µs]                                        0  (  0.0%)
[     89.56 ..      92.38 µs]                                        0  (  0.0%)
[     92.38 ..      95.19 µs]                                        0  (  0.0%)
[     95.19 ..       98 µs] █                                      1  (  1.9%)
                                                      0%  100%
```

### color_correction

| count | min | max | mean | p50 | p90 | p95 | p99 | p999 |
|---|---|---|---|---|---|---|---|---|
| 131 | 365 | 1180 | 577.7 | 524 | 846 | 1001 | 1141 | 1180 |

```
[     365 ..     415.94 µs] ███                                    4  (  3.1%)
[    415.94 ..     466.88 µs] ███████████▍                          15  ( 11.5%)
[    466.88 ..     517.81 µs] ████████████████████████████████      42  ( 32.1%)
[    517.81 ..     568.75 µs] ███████████████████████████▍          36  ( 27.5%)
[    568.75 ..     619.69 µs] ████████▍                             11  (  8.4%)
[    619.69 ..     670.62 µs]                                        0  (  0.0%)
[    670.62 ..     721.56 µs] █▌                                     2  (  1.5%)
[    721.56 ..     772.50 µs] ▊                                      1  (  0.8%)
[    772.50 ..     823.44 µs] ███▊                                   5  (  3.8%)
[    823.44 ..     874.38 µs] ███                                    4  (  3.1%)
[    874.38 ..     925.31 µs] ▊                                      1  (  0.8%)
[    925.31 ..     976.25 µs] ▊                                      1  (  0.8%)
[    976.25 ..    1027.19 µs] ███                                    4  (  3.1%)
[   1027.19 ..    1078.12 µs] ▊                                      1  (  0.8%)
[   1078.12 ..    1129.06 µs] █▌                                     2  (  1.5%)
[   1129.06 ..     1180 µs] █▌                                     2  (  1.5%)
                                                      0%  100%
```

### controlbus_build

| count | min | max | mean | p50 | p90 | p95 | p99 | p999 |
|---|---|---|---|---|---|---|---|---|
| 52 | 2176 | 4937 | 3887.7 | 4056 | 4686 | 4801 | 4937 | 4937 |

```
[    2176 ..    2348.56 µs] ████████████████████████▉              7  ( 13.5%)
[   2348.56 ..    2521.12 µs] ███████▏                               2  (  3.8%)
[   2521.12 ..    2693.69 µs] ███▌                                   1  (  1.9%)
[   2693.69 ..    2866.25 µs]                                        0  (  0.0%)
[   2866.25 ..    3038.81 µs]                                        0  (  0.0%)
[   3038.81 ..    3211.38 µs]                                        0  (  0.0%)
[   3211.38 ..    3383.94 µs]                                        0  (  0.0%)
[   3383.94 ..    3556.50 µs]                                        0  (  0.0%)
[   3556.50 ..    3729.06 µs] ██████████▋                            3  (  5.8%)
[   3729.06 ..    3901.62 µs] ██████████████▎                        4  (  7.7%)
[   3901.62 ..    4074.19 µs] ████████████████████████████████       9  ( 17.3%)
[   4074.19 ..    4246.75 µs] █████████████████▊                     5  (  9.6%)
[   4246.75 ..    4419.31 µs] ██████████████▎                        4  (  7.7%)
[   4419.31 ..    4591.88 µs] █████████████████████▍                 6  ( 11.5%)
[   4591.88 ..    4764.44 µs] ████████████████████████▉              7  ( 13.5%)
[   4764.44 ..     4937 µs] ██████████████▎                        4  (  7.7%)
                                                      0%  100%
```

### effect_render

| count | min | max | mean | p50 | p90 | p95 | p99 | p999 |
|---|---|---|---|---|---|---|---|---|
| 131 | 331 | 506 | 413.4 | 417 | 467 | 473 | 501 | 506 |

```
[     331 ..     341.94 µs] █████████▋                             6  (  4.6%)
[    341.94 ..     352.88 µs] ████▊                                  3  (  2.3%)
[    352.88 ..     363.81 µs] █████████▋                             6  (  4.6%)
[    363.81 ..     374.75 µs] ████████                               5  (  3.8%)
[    374.75 ..     385.69 µs] ████████████████████████████▊         18  ( 13.7%)
[    385.69 ..     396.62 µs] ████████████████████▊                 13  (  9.9%)
[    396.62 ..     407.56 µs] █████████▋                             6  (  4.6%)
[    407.56 ..     418.50 µs] ██████████████▍                        9  (  6.9%)
[    418.50 ..     429.44 µs] ████████████████████████████████      20  ( 15.3%)
[    429.44 ..     440.38 µs] █████████▋                             6  (  4.6%)
[    440.38 ..     451.31 µs] █████████████████▋                    11  (  8.4%)
[    451.31 ..     462.25 µs] ███████████████████▎                  12  (  9.2%)
[    462.25 ..     473.19 µs] ████████████████                      10  (  7.6%)
[    473.19 ..     484.12 µs] ████▊                                  3  (  2.3%)
[    484.12 ..     495.06 µs] █▋                                     1  (  0.8%)
[    495.06 ..      506 µs] ███▎                                   2  (  1.5%)
                                                      0%  100%
```

### fastled_rmt_show

| count | min | max | mean | p50 | p90 | p95 | p99 | p999 |
|---|---|---|---|---|---|---|---|---|
| 131 | 442 | 686 | 559.4 | 551 | 635 | 653 | 669 | 686 |

```
[     442 ..     457.25 µs] ██████▏                                5  (  3.8%)
[    457.25 ..     472.50 µs] █▎                                     1  (  0.8%)
[    472.50 ..     487.75 µs] █▎                                     1  (  0.8%)
[    487.75 ..      503 µs] ██████▏                                5  (  3.8%)
[     503 ..     518.25 µs] █████████████▌                        11  (  8.4%)
[    518.25 ..     533.50 µs] █████████████████▎                    14  ( 10.7%)
[    533.50 ..     548.75 µs] ████████████████████████████████      26  ( 19.8%)
[    548.75 ..      564 µs] ████████████████████████▋             20  ( 15.3%)
[     564 ..     579.25 µs] ████████████▎                         10  (  7.6%)
[    579.25 ..     594.50 µs] ████████▋                              7  (  5.3%)
[    594.50 ..     609.75 µs] ███████▍                               6  (  4.6%)
[    609.75 ..      625 µs] ████████▋                              7  (  5.3%)
[     625 ..     640.25 µs] ███████████▏                           9  (  6.9%)
[    640.25 ..     655.50 µs] ███▊                                   3  (  2.3%)
[    655.50 ..     670.75 µs] ██████▏                                5  (  3.8%)
[    670.75 ..      686 µs] █▎                                     1  (  0.8%)
                                                      0%  100%
```

### i2s_dma_read

| count | min | max | mean | p50 | p90 | p95 | p99 | p999 |
|---|---|---|---|---|---|---|---|---|
| 103 | 6947 | 9451 | 8242.2 | 8265 | 8936 | 9157 | 9427 | 9451 |

```
[    6947 ..    7103.50 µs] ██████                                 3  (  2.9%)
[   7103.50 ..     7260 µs] ██████                                 3  (  2.9%)
[    7260 ..    7416.50 µs] ████████                               4  (  3.9%)
[   7416.50 ..     7573 µs] ████████████████                       8  (  7.8%)
[    7573 ..    7729.50 µs] ████████████                           6  (  5.8%)
[   7729.50 ..     7886 µs] ██████                                 3  (  2.9%)
[    7886 ..    8042.50 µs] ██████████████████████                11  ( 10.7%)
[   8042.50 ..     8199 µs] ████████████████                       8  (  7.8%)
[    8199 ..    8355.50 µs] ██████████████████████                11  ( 10.7%)
[   8355.50 ..     8512 µs] ████████████                           6  (  5.8%)
[    8512 ..    8668.50 µs] ████████████████                       8  (  7.8%)
[   8668.50 ..     8825 µs] ████████████████████████████████      16  ( 15.5%)
[    8825 ..    8981.50 µs] ████████████                           6  (  5.8%)
[   8981.50 ..     9138 µs] ████████                               4  (  3.9%)
[    9138 ..    9294.50 µs] ████                                   2  (  1.9%)
[   9294.50 ..     9451 µs] ████████                               4  (  3.9%)
                                                      0%  100%
```

### onset_decision

| count | min | max | mean | p50 | p90 | p95 | p99 | p999 |
|---|---|---|---|---|---|---|---|---|
| 36 | 814 | 1128 | 926.7 | 885 | 1093 | 1108 | 1128 | 1128 |

```
[     814 ..     833.62 µs] ████████████████████████████████      15  ( 41.7%)
[    833.62 ..     853.25 µs] ██▏                                    1  (  2.8%)
[    853.25 ..     872.88 µs] ██▏                                    1  (  2.8%)
[    872.88 ..     892.50 µs] ████▎                                  2  (  5.6%)
[    892.50 ..     912.12 µs] ██▏                                    1  (  2.8%)
[    912.12 ..     931.75 µs] ██▏                                    1  (  2.8%)
[    931.75 ..     951.38 µs] ██▏                                    1  (  2.8%)
[    951.38 ..      971 µs] ██▏                                    1  (  2.8%)
[     971 ..     990.62 µs] ██▏                                    1  (  2.8%)
[    990.62 ..    1010.25 µs] ██▏                                    1  (  2.8%)
[   1010.25 ..    1029.88 µs] ██████▍                                3  (  8.3%)
[   1029.88 ..    1049.50 µs]                                        0  (  0.0%)
[   1049.50 ..    1069.12 µs]                                        0  (  0.0%)
[   1069.12 ..    1088.75 µs] ██████▍                                3  (  8.3%)
[   1088.75 ..    1108.38 µs] ████████▌                              4  ( 11.1%)
[   1108.38 ..     1128 µs] ██▏                                    1  (  2.8%)
                                                      0%  100%
```

### onset_detect

| count | min | max | mean | p50 | p90 | p95 | p99 | p999 |
|---|---|---|---|---|---|---|---|---|
| 52 | 122 | 2501 | 1566.3 | 1818 | 2344 | 2469 | 2501 | 2501 |

```
[     122 ..     270.69 µs] ████████████████████████████████      10  ( 19.2%)
[    270.69 ..     419.38 µs]                                        0  (  0.0%)
[    419.38 ..     568.06 µs]                                        0  (  0.0%)
[    568.06 ..     716.75 µs]                                        0  (  0.0%)
[    716.75 ..     865.44 µs]                                        0  (  0.0%)
[    865.44 ..    1014.12 µs]                                        0  (  0.0%)
[   1014.12 ..    1162.81 µs]                                        0  (  0.0%)
[   1162.81 ..    1311.50 µs] ██████▍                                2  (  3.8%)
[   1311.50 ..    1460.19 µs] ██████▍                                2  (  3.8%)
[   1460.19 ..    1608.88 µs] ██████▍                                2  (  3.8%)
[   1608.88 ..    1757.56 µs] █████████████████████████▋             8  ( 15.4%)
[   1757.56 ..    1906.25 µs] █████████████████████████▋             8  ( 15.4%)
[   1906.25 ..    2054.94 µs] ██████████████████████▍                7  ( 13.5%)
[   2054.94 ..    2203.62 µs] ████████████████                       5  (  9.6%)
[   2203.62 ..    2352.31 µs] █████████▋                             3  (  5.8%)
[   2352.31 ..     2501 µs] ████████████████                       5  (  9.6%)
                                                      0%  100%
```

### onset_fft_frontend

| count | min | max | mean | p50 | p90 | p95 | p99 | p999 |
|---|---|---|---|---|---|---|---|---|
| 42 | 746 | 1235 | 949.2 | 903 | 1201 | 1229 | 1235 | 1235 |

```
[     746 ..     776.56 µs] ██████████████▎                        4  (  9.5%)
[    776.56 ..     807.12 µs] ████████████████████████████████       9  ( 21.4%)
[    807.12 ..     837.69 µs] ██████████████▎                        4  (  9.5%)
[    837.69 ..     868.25 µs] ███▌                                   1  (  2.4%)
[    868.25 ..     898.81 µs] ███████▏                               2  (  4.8%)
[    898.81 ..     929.38 µs] ██████████▋                            3  (  7.1%)
[    929.38 ..     959.94 µs] ███████▏                               2  (  4.8%)
[    959.94 ..     990.50 µs] ███████▏                               2  (  4.8%)
[    990.50 ..    1021.06 µs] ███████▏                               2  (  4.8%)
[   1021.06 ..    1051.62 µs] ███▌                                   1  (  2.4%)
[   1051.62 ..    1082.19 µs] ███▌                                   1  (  2.4%)
[   1082.19 ..    1112.75 µs]                                        0  (  0.0%)
[   1112.75 ..    1143.31 µs] ███▌                                   1  (  2.4%)
[   1143.31 ..    1173.88 µs] ██████████▋                            3  (  7.1%)
[   1173.88 ..    1204.44 µs] ██████████████▎                        4  (  9.5%)
[   1204.44 ..     1235 µs] ██████████▋                            3  (  7.1%)
                                                      0%  100%
```

### onset_flux

| count | min | max | mean | p50 | p90 | p95 | p99 | p999 |
|---|---|---|---|---|---|---|---|---|
| 36 | 745 | 1034 | 841.5 | 812 | 989 | 1018 | 1034 | 1034 |

```
[     745 ..     763.06 µs] ████████████████████████████████      15  ( 41.7%)
[    763.06 ..     781.12 µs] ██▏                                    1  (  2.8%)
[    781.12 ..     799.19 µs] ██▏                                    1  (  2.8%)
[    799.19 ..     817.25 µs] ████████▌                              4  ( 11.1%)
[    817.25 ..     835.31 µs]                                        0  (  0.0%)
[    835.31 ..     853.38 µs] ██▏                                    1  (  2.8%)
[    853.38 ..     871.44 µs] ██▏                                    1  (  2.8%)
[    871.44 ..     889.50 µs] ██▏                                    1  (  2.8%)
[    889.50 ..     907.56 µs]                                        0  (  0.0%)
[    907.56 ..     925.62 µs] ████▎                                  2  (  5.6%)
[    925.62 ..     943.69 µs] ████▎                                  2  (  5.6%)
[    943.69 ..     961.75 µs] ██▏                                    1  (  2.8%)
[    961.75 ..     979.81 µs] ████▎                                  2  (  5.6%)
[    979.81 ..     997.88 µs] ████▎                                  2  (  5.6%)
[    997.88 ..    1015.94 µs] ██▏                                    1  (  2.8%)
[   1015.94 ..     1034 µs] ████▎                                  2  (  5.6%)
                                                      0%  100%
```

### pre_show_yield

| count | min | max | mean | p50 | p90 | p95 | p99 | p999 |
|---|---|---|---|---|---|---|---|---|
| 130 | 12 | 22 | 14.4 | 14 | 17 | 18 | 22 | 22 |

```
[      12 ..      12.62 µs] ███████▍                               9  (  6.9%)
[     12.62 ..      13.25 µs] ████████████████████████████████      39  ( 30.0%)
[     13.25 ..      13.88 µs]                                        0  (  0.0%)
[     13.88 ..      14.50 µs] ███████████████████████████▉          34  ( 26.2%)
[     14.50 ..      15.12 µs] ███████████████▋                      19  ( 14.6%)
[     15.12 ..      15.75 µs]                                        0  (  0.0%)
[     15.75 ..      16.38 µs] ████████████▎                         15  ( 11.5%)
[     16.38 ..       17 µs]                                        0  (  0.0%)
[      17 ..      17.62 µs] ████▏                                  5  (  3.8%)
[     17.62 ..      18.25 µs] ████▏                                  5  (  3.8%)
[     18.25 ..      18.88 µs]                                        0  (  0.0%)
[     18.88 ..      19.50 µs] ▉                                      1  (  0.8%)
[     19.50 ..      20.12 µs] ▉                                      1  (  0.8%)
[     20.12 ..      20.75 µs]                                        0  (  0.0%)
[     20.75 ..      21.38 µs]                                        0  (  0.0%)
[     21.38 ..       22 µs] █▋                                     2  (  1.5%)
                                                      0%  100%
```

### render_frame

| count | min | max | mean | p50 | p90 | p95 | p99 | p999 |
|---|---|---|---|---|---|---|---|---|
| 131 | 1089 | 1992 | 1536.6 | 1540 | 1747 | 1922 | 1989 | 1992 |

```
[    1089 ..    1145.44 µs] ██▌                                    2  (  1.5%)
[   1145.44 ..    1201.88 µs] █▎                                     1  (  0.8%)
[   1201.88 ..    1258.31 µs] ██████▏                                5  (  3.8%)
[   1258.31 ..    1314.75 µs] ████████▋                              7  (  5.3%)
[   1314.75 ..    1371.19 µs] █████████▉                             8  (  6.1%)
[   1371.19 ..    1427.62 µs] ████████████▎                         10  (  7.6%)
[   1427.62 ..    1484.06 µs] ██████████████▊                       12  (  9.2%)
[   1484.06 ..    1540.50 µs] █████████████████████████▉            21  ( 16.0%)
[   1540.50 ..    1596.94 µs] ████████████████████████████████      26  ( 19.8%)
[   1596.94 ..    1653.38 µs] ████████████████                      13  (  9.9%)
[   1653.38 ..    1709.81 µs] ███████▍                               6  (  4.6%)
[   1709.81 ..    1766.25 µs] █████████▉                             8  (  6.1%)
[   1766.25 ..    1822.69 µs] ████▉                                  4  (  3.1%)
[   1822.69 ..    1879.12 µs]                                        0  (  0.0%)
[   1879.12 ..    1935.56 µs] ██▌                                    2  (  1.5%)
[   1935.56 ..     1992 µs] ███████▍                               6  (  4.6%)
                                                      0%  100%
```

### rts_render

| count | min | max | mean | p50 | p90 | p95 | p99 | p999 |
|---|---|---|---|---|---|---|---|---|
| 131 | 313 | 484 | 394.4 | 399 | 446 | 451 | 482 | 484 |

```
[     313 ..     323.69 µs] ██████████▋                            6  (  4.6%)
[    323.69 ..     334.38 µs] ███▌                                   2  (  1.5%)
[    334.38 ..     345.06 µs] ████████████▌                          7  (  5.3%)
[    345.06 ..     355.75 µs] ██████████████▎                        8  (  6.1%)
[    355.75 ..     366.44 µs] ██████████████████████████▋           15  ( 11.5%)
[    366.44 ..     377.12 µs] █████████████████████▍                12  (  9.2%)
[    377.12 ..     387.81 µs] ██████████▋                            6  (  4.6%)
[    387.81 ..     398.50 µs] ████████████████                       9  (  6.9%)
[    398.50 ..     409.19 µs] ████████████████████████████████      18  ( 13.7%)
[    409.19 ..     419.88 µs] ████████████████                       9  (  6.9%)
[    419.88 ..     430.56 µs] ██████████████▎                        8  (  6.1%)
[    430.56 ..     441.25 µs] ██████████████████████████▋           15  ( 11.5%)
[    441.25 ..     451.94 µs] █████████████████▊                    10  (  7.6%)
[    451.94 ..     462.62 µs] ███▌                                   2  (  1.5%)
[    462.62 ..     473.31 µs] ███▌                                   2  (  1.5%)
[    473.31 ..      484 µs] ███▌                                   2  (  1.5%)
                                                      0%  100%
```

### show_leds

| count | min | max | mean | p50 | p90 | p95 | p99 | p999 |
|---|---|---|---|---|---|---|---|---|
| 131 | 609 | 967 | 796.5 | 786 | 900 | 917 | 957 | 967 |

```
[     609 ..     631.38 µs] █████▉                                 4  (  3.1%)
[    631.38 ..     653.75 µs] █▌                                     1  (  0.8%)
[    653.75 ..     676.12 µs] █▌                                     1  (  0.8%)
[    676.12 ..     698.50 µs] ██▉                                    2  (  1.5%)
[    698.50 ..     720.88 µs] ███████████▋                           8  (  6.1%)
[    720.88 ..     743.25 µs] ██████████▏                            7  (  5.3%)
[    743.25 ..     765.62 µs] ████████████████████████████████      22  ( 16.8%)
[    765.62 ..      788 µs] ██████████████████████████████▌       21  ( 16.0%)
[     788 ..     810.38 µs] ██████████████████▉                   13  (  9.9%)
[    810.38 ..     832.75 µs] █████████████████▌                    12  (  9.2%)
[    832.75 ..     855.12 µs] ██████████████████▉                   13  (  9.9%)
[    855.12 ..     877.50 µs] █████▉                                 4  (  3.1%)
[    877.50 ..     899.88 µs] █████████████▏                         9  (  6.9%)
[    899.88 ..     922.25 µs] █████████████▏                         9  (  6.9%)
[    922.25 ..     944.62 µs] ████▍                                  3  (  2.3%)
[    944.62 ..      967 µs] ██▉                                    2  (  1.5%)
                                                      0%  100%
```

### snapshot_publish

| count | min | max | mean | p50 | p90 | p95 | p99 | p999 |
|---|---|---|---|---|---|---|---|---|
| 52 | 86 | 292 | 137.4 | 114 | 203 | 242 | 292 | 292 |

```
[      86 ..      98.88 µs] ██████████████████▎                    8  ( 15.4%)
[     98.88 ..     111.75 µs] ████████████████████████████████      14  ( 26.9%)
[    111.75 ..     124.62 µs] ████████████████████▋                  9  ( 17.3%)
[    124.62 ..     137.50 µs] ██▎                                    1  (  1.9%)
[    137.50 ..     150.38 µs] ████▋                                  2  (  3.8%)
[    150.38 ..     163.25 µs] ██████▉                                3  (  5.8%)
[    163.25 ..     176.12 µs] █████████▏                             4  (  7.7%)
[    176.12 ..      189 µs] █████████▏                             4  (  7.7%)
[     189 ..     201.88 µs] ██▎                                    1  (  1.9%)
[    201.88 ..     214.75 µs] ██████▉                                3  (  5.8%)
[    214.75 ..     227.62 µs]                                        0  (  0.0%)
[    227.62 ..     240.50 µs]                                        0  (  0.0%)
[    240.50 ..     253.38 µs] ████▋                                  2  (  3.8%)
[    253.38 ..     266.25 µs]                                        0  (  0.0%)
[    266.25 ..     279.12 µs]                                        0  (  0.0%)
[    279.12 ..      292 µs] ██▎                                    1  (  1.9%)
                                                      0%  100%
```

## Instant frequency

| Name | Count | First ts (µs) | Last ts (µs) | Mean interarrival (µs) |
|---|---|---|---|---|
| ONSET_EVENT | 1 | 99322095 | 99322095 | — |
| render_frame_deadline_miss | 130 | 98979592 | 100128353 | 8905 |

---
_Tool: analyse_trace v1.0 | Input: `/Users/spectrasynq/Workspace_Management/Software/Lightwave-Ledstrip/firmware-v3/docs/research/phase1b_runtime_evidence_2026-04-27/reboot_clean_rerun/traces/silence_idle.json`_

STDERR:
